epoch,train_loss,val_loss,mean_fg_dice,ema_fg_dice,lr,epoch_time_s
0,0.046883367002010345,-0.02226046472787857,0.0,0.0,0.01,314.7855327129364
1,-0.07455708086490631,-0.15903759002685547,0.4545942544937134,0.04545942693948746,0.009981998198678612,303.7294626235962
2,-0.14630255103111267,-0.2404969334602356,0.5469690561294556,0.09561039507389069,0.00996399278941777,303.93862748146057
3,-0.18252693116664886,-0.269557923078537,0.5522221326828003,0.14127156138420105,0.009945983764247315,303.901814699173
4,-0.23689229786396027,-0.3002837598323822,0.6479527950286865,0.19193968176841736,0.009927971115163414,303.5624530315399
5,-0.26559144258499146,-0.27934730052948,0.5224571824073792,0.22499142587184906,0.009909954834128341,303.70339274406433
6,-0.2918824255466461,-0.30471765995025635,0.5910372734069824,0.26159602403640747,0.00989193491307027,307.79181957244873
7,-0.28563910722732544,-0.29514965415000916,0.6289273500442505,0.2983291447162628,0.00987391134388305,304.3951578140259
8,-0.3054158389568329,-0.3854105770587921,0.6742557287216187,0.3359217941761017,0.009855884118426006,303.59797167778015
9,-0.3364984095096588,-0.4443502724170685,0.6855344772338867,0.370883047580719,0.009837853228523706,303.6369135379791
10,-0.3649614155292511,-0.305059552192688,0.6109201908111572,0.3948867619037628,0.009819818665965752,303.50340270996094
11,-0.34814661741256714,-0.34131938219070435,0.5951252579689026,0.41491061449050903,0.009801780422506557,303.4184772968292
12,-0.3336394131183624,-0.42522183060646057,0.7168125510215759,0.4451008141040802,0.009783738489865112,303.4761302471161
13,-0.3781251311302185,-0.39725953340530396,0.6751937866210938,0.4681100845336914,0.009765692859724779,303.45007586479187
14,-0.38388755917549133,-0.4257708787918091,0.7289746403694153,0.4941965341567993,0.009747643523733043,303.3904674053192
15,-0.39267292618751526,-0.44435033202171326,0.7495964765548706,0.5197365283966064,0.009729590473501306,303.59825444221497
16,-0.41765105724334717,-0.4242675006389618,0.7204586267471313,0.5398087501525879,0.009711533700604631,303.28174209594727
17,-0.4374311566352844,-0.43145424127578735,0.7253172993659973,0.5583596229553223,0.009693473196581535,303.5383310317993
18,-0.4220634996891022,-0.5072834491729736,0.7626139521598816,0.5787850618362427,0.009675408952933734,303.33523869514465
19,-0.410920113325119,-0.46709874272346497,0.747385561466217,0.5956451296806335,0.009657340961125919,303.59277081489563
20,-0.439970999956131,-0.5234353542327881,0.7751646637916565,0.61359703540802,0.009639269212585509,303.7143063545227
21,-0.4432131052017212,-0.45090049505233765,0.7504761219024658,0.6272849440574646,0.009621193698702417,303.59042024612427
22,-0.45129022002220154,-0.47300684452056885,0.7463794350624084,0.6391943693161011,0.009603114410828804,303.53207206726074
23,-0.45212045311927795,-0.45805037021636963,0.7017388939857483,0.6454488039016724,0.009585031340278832,304.3442349433899
24,-0.4098450839519501,-0.4566921293735504,0.739514172077179,0.6548553109169006,0.009566944478328421,305.1052350997925
25,-0.42477670311927795,-0.4681171774864197,0.7424851059913635,0.663618266582489,0.009548853816214998,304.43135356903076
26,-0.44740045070648193,-0.4758163094520569,0.7390161156654358,0.6711580157279968,0.009530759345137247,304.5496528148651
27,-0.4390679895877838,-0.4710639715194702,0.7686975002288818,0.6809118986129761,0.009512661056254852,304.43482184410095
28,-0.46273931860923767,-0.45192772150039673,0.7376022338867188,0.6865808963775635,0.009494558940688246,304.74750232696533
29,-0.4465246796607971,-0.4761355519294739,0.7536036372184753,0.6932831406593323,0.00947645298951835,304.2029478549957
30,-0.4187152683734894,-0.5132507085800171,0.7788184285163879,0.7018367052078247,0.009458343193786321,304.4129571914673
31,-0.4260108768939972,-0.5451236963272095,0.7721457481384277,0.708867609500885,0.00944022954449327,304.6047258377075
32,-0.479042112827301,-0.5177726745605469,0.7694370746612549,0.7149245142936707,0.009422112032600018,303.71633076667786
33,-0.46654725074768066,-0.4896095395088196,0.7410101294517517,0.7175330519676208,0.009403990649026823,303.9791567325592
34,-0.4864189028739929,-0.4719310998916626,0.6856569051742554,0.714345395565033,0.009385865384653105,303.7923848628998
35,-0.4718812108039856,-0.5074979066848755,0.7558643221855164,0.7184972763061523,0.009367736230317175,303.91365146636963
36,-0.5129754543304443,-0.5172905921936035,0.7970638275146484,0.7263538837432861,0.009349603176815975,304.31063437461853
37,-0.47859683632850647,-0.5173100233078003,0.759737491607666,0.7296922206878662,0.009331466214904776,303.8138647079468
38,-0.47390565276145935,-0.5287472009658813,0.7555587291717529,0.7322788238525391,0.009313325335296928,303.9602644443512
39,-0.5014065504074097,-0.5099215507507324,0.7691225409507751,0.7359632253646851,0.009295180528663556,304.1611714363098
40,-0.48074543476104736,-0.495548814535141,0.7683268189430237,0.7391995191574097,0.009277031785633282,303.9303603172302
41,-0.5127652883529663,-0.5356490612030029,0.800686240196228,0.7453482151031494,0.00925887909679195,303.7736942768097
42,-0.4772954285144806,-0.4678736627101898,0.7683865427970886,0.7476520538330078,0.00924072245268232,304.0593948364258
43,-0.5087712407112122,-0.560394287109375,0.7750201225280762,0.7503888607025146,0.009222561843803788,304.45236682891846
44,-0.4759289622306824,-0.5020533204078674,0.7459977865219116,0.7499497532844543,0.009204397260612089,304.35515880584717
45,-0.5051809549331665,-0.4522472023963928,0.7245686054229736,0.7474116086959839,0.009186228693518995,304.13693475723267
46,-0.49203020334243774,-0.5201985836029053,0.8042688369750977,0.7530972957611084,0.009168056132892021,304.21764373779297
47,-0.5032902956008911,-0.507861316204071,0.7607691287994385,0.7538644671440125,0.009149879569054125,304.37906217575073
48,-0.49296247959136963,-0.5078964829444885,0.7486843466758728,0.7533464431762695,0.009131698992283397,304.6654028892517
49,-0.47838613390922546,-0.5309351086616516,0.7502871751785278,0.7530404925346375,0.00911351439281275,304.22641682624817
50,-0.491465300321579,-0.5096805095672607,0.7443028688430786,0.7521666884422302,0.009095325760829623,304.5208125114441
51,-0.5039735436439514,-0.4894142150878906,0.7500061988830566,0.7519506216049194,0.009077133086475645,304.5572319030762
52,-0.5146578550338745,-0.5817129611968994,0.8082049489021301,0.757576048374176,0.009058936359846346,304.26960253715515
53,-0.5136978626251221,-0.5375399589538574,0.7949084639549255,0.7613092660903931,0.009040735570990808,304.16520738601685
54,-0.5076934695243835,-0.5164293646812439,0.7763238549232483,0.7628107070922852,0.009022530709911372,304.28208923339844
55,-0.49142467975616455,-0.5158870220184326,0.7631489038467407,0.7628445029258728,0.00900432176656329,304.30041337013245
56,-0.5003871917724609,-0.5542528033256531,0.7870436906814575,0.7652643918991089,0.008986108730854411,304.15347361564636
57,-0.5242699980735779,-0.5024309158325195,0.7834625840187073,0.7670841813087463,0.008967891592644845,304.35125279426575
58,-0.5239061117172241,-0.5348145961761475,0.8232713937759399,0.7727028727531433,0.008949670341746629,304.22278213500977
59,-0.507396936416626,-0.5556172728538513,0.7822871208190918,0.7736612558364868,0.008931444967923387,303.7529296875
60,-0.5153934359550476,-0.4772377014160156,0.6980797648429871,0.7661030292510986,0.00891321546089,304.04919028282166
61,-0.48274660110473633,-0.4973326623439789,0.7329144477844238,0.7627841234207153,0.008894981810312246,304.12305998802185
62,-0.4716778099536896,-0.5777652263641357,0.799340546131134,0.7664397358894348,0.008876744005806469,304.0955169200897
63,-0.5408709049224854,-0.5231558084487915,0.757291853427887,0.7655249238014221,0.00885850203693922,303.7863726615906
64,-0.4811251163482666,-0.5047493577003479,0.752821683883667,0.7642545700073242,0.008840255893226907,304.3102104663849
65,-0.5203796625137329,-0.5429820418357849,0.7637730836868286,0.7642064094543457,0.008822005564135439,304.30718302726746
66,-0.5200002789497375,-0.5047863125801086,0.7330005168914795,0.7610858082771301,0.008803751039079861,304.33613991737366
67,-0.5252833962440491,-0.5378654599189758,0.8078983426094055,0.7657670974731445,0.008785492307423998,303.83893179893494
68,-0.5405223965644836,-0.5407425165176392,0.7852249145507812,0.7677128911018372,0.008767229358480086,304.1039388179779
69,-0.5212600231170654,-0.4528506398200989,0.7207856774330139,0.7630201578140259,0.008748962181508392,304.0986330509186
70,-0.5015181303024292,-0.5246891379356384,0.7410383224487305,0.7608219385147095,0.00873069076571686,304.23603200912476
71,-0.5251889228820801,-0.4994904696941376,0.7656183838844299,0.7613015174865723,0.008712415100260714,304.1400821208954
72,-0.5255019664764404,-0.4692506790161133,0.785413384437561,0.7637127041816711,0.008694135174242088,304.25391030311584
73,-0.5335468053817749,-0.5020771622657776,0.7798029780387878,0.765321671962738,0.00867585097670964,304.93159914016724
74,-0.5274266600608826,-0.5195293426513672,0.7519045472145081,0.7639799118041992,0.008657562496658165,304.6232783794403
75,-0.5205972194671631,-0.5438939929008484,0.8232523202896118,0.7699071168899536,0.008639269723028191,304.4013075828552
76,-0.5390418171882629,-0.5409218668937683,0.8049123287200928,0.7734076380729675,0.008620972644705602,304.8492829799652
77,-0.5249435305595398,-0.5096256136894226,0.789849579334259,0.7750518321990967,0.008602671250521225,304.5711417198181
78,-0.509674072265625,-0.5404170751571655,0.7655511498451233,0.774101734161377,0.00858436552925043,305.05875992774963
79,-0.5189192891120911,-0.5670316815376282,0.7939727306365967,0.7760887742042542,0.008566055469612725,304.7634575366974
80,-0.5107075572013855,-0.5747449398040771,0.7907134890556335,0.7775512337684631,0.008547741060271343,304.44574666023254
81,-0.5309407114982605,-0.5317211747169495,0.7839046120643616,0.778186559677124,0.008529422289832824,305.6622042655945
82,-0.5543877482414246,-0.5621587634086609,0.795029878616333,0.779870867729187,0.008511099146846599,304.73667097091675
83,-0.5271856188774109,-0.5088434815406799,0.7790393233299255,0.7797876596450806,0.008492771619804565,305.5036931037903
84,-0.527613639831543,-0.5145576596260071,0.7140144109725952,0.7732102870941162,0.008474439697140658,304.88442969322205
85,-0.5174738168716431,-0.5545684695243835,0.7876859903335571,0.7746578454971313,0.00845610336723042,305.02291536331177
86,-0.519346296787262,-0.5072582960128784,0.7692511081695557,0.774117112159729,0.008437762618390562,304.5644543170929
87,-0.5240573287010193,-0.4822651743888855,0.7321171164512634,0.7699171304702759,0.008419417438878526,304.41280221939087
88,-0.5402641892433167,-0.5201748013496399,0.778509795665741,0.7707763910293579,0.00840106781689204,304.8849699497223
89,-0.5277072787284851,-0.5005373358726501,0.7893558144569397,0.7726342678070068,0.008382713740568662,304.5507872104645
90,-0.5221342444419861,-0.5545412302017212,0.7839227318763733,0.7737630605697632,0.008364355197985339,304.8981738090515
91,-0.5068292617797852,-0.5382516384124756,0.7958990931510925,0.7759766578674316,0.008345992177157936,304.94124937057495
92,-0.5369699597358704,-0.6039867997169495,0.7892399430274963,0.7773029804229736,0.00832762466604078,304.6210677623749
93,-0.5434754490852356,-0.5541890263557434,0.7859820127487183,0.7781708836555481,0.008309252652526187,305.3425998687744
94,-0.5137083530426025,-0.4897955358028412,0.7361920475959778,0.7739729881286621,0.008290876124443998,305.2984719276428
95,-0.5403315424919128,-0.5171394348144531,0.7412152290344238,0.7706971764564514,0.008272495069561094,305.0972695350647
96,-0.5360024571418762,-0.5345052480697632,0.7693340182304382,0.7705608010292053,0.00825410947558092,304.9986901283264
97,-0.5552650690078735,-0.4760545492172241,0.7161257863044739,0.7651172876358032,0.008235719330142988,305.46188163757324
98,-0.5428574085235596,-0.532296359539032,0.7767233848571777,0.7662779092788696,0.008217324620822402,305.47327065467834
99,-0.5379900932312012,-0.5331009030342102,0.7548825740814209,0.7651383876800537,0.008198925335129345,305.68579864501953
100,-0.5295940637588501,-0.5160773992538452,0.7564603686332703,0.764270544052124,0.008180521460508584,304.67206740379333
101,-0.5337954163551331,-0.4829176068305969,0.7517493367195129,0.7630183696746826,0.008162112984338965,305.7726879119873
102,-0.5514470934867859,-0.4978903830051422,0.7606761455535889,0.7627841234207153,0.008143699893932899,305.2627203464508
103,-0.5223493576049805,-0.5578816533088684,0.7824391722679138,0.7647495865821838,0.008125282176535839,305.49849224090576
104,-0.5475209951400757,-0.5677478313446045,0.8207663297653198,0.770351231098175,0.00810685981932577,305.29120230674744
105,-0.5498400330543518,-0.5384007692337036,0.7640156149864197,0.7697176933288574,0.008088432809412661,304.8783266544342
106,-0.5558539032936096,-0.5237977504730225,0.7976469993591309,0.7725106477737427,0.008070001133837955,305.3606104850769
107,-0.5533701777458191,-0.49205783009529114,0.7378796339035034,0.7690475583076477,0.008051564779574008,305.6118712425232
108,-0.5729718208312988,-0.5178444385528564,0.7807842493057251,0.7702212333679199,0.008033123733523561,305.62697196006775
109,-0.5492253303527832,-0.5448540449142456,0.7668672204017639,0.7698858380317688,0.008014677982519177,305.12136054039
110,-0.5378395915031433,-0.5007399320602417,0.7481712698936462,0.7677143812179565,0.007996227513322693,304.8771140575409
111,-0.5371059775352478,-0.5689072608947754,0.7562416195869446,0.7665671110153198,0.007977772312624648,305.5994427204132
112,-0.5199404358863831,-0.5103480815887451,0.7787109017372131,0.7677814364433289,0.00795931236704373,305.4594051837921
113,-0.5685034394264221,-0.5877349376678467,0.8194521069526672,0.7729485034942627,0.007940847663126185,305.61011123657227
114,-0.5669902563095093,-0.5093221664428711,0.764391303062439,0.7720927596092224,0.00792237818734525,304.98471117019653
115,-0.5484183430671692,-0.4839506447315216,0.7477449178695679,0.7696579694747925,0.007903903926100556,305.12406301498413
116,-0.5608868598937988,-0.5579747557640076,0.8309221267700195,0.7757843732833862,0.007885424865717545,305.75560426712036
117,-0.5346306562423706,-0.5134525895118713,0.7349996566772461,0.7717058658599854,0.007866940992446862,304.81460452079773
118,-0.5498256087303162,-0.5865528583526611,0.8131628632545471,0.7758515477180481,0.007848452292463757,305.3156068325043
119,-0.5378769636154175,-0.4799988269805908,0.7913181781768799,0.7773982286453247,0.007829958751867469,304.9248721599579
120,-0.5474718809127808,-0.5472618937492371,0.7994102835655212,0.7795994281768799,0.007811460356680608,304.67693638801575
121,-0.5683963894844055,-0.572693943977356,0.8216894865036011,0.7838084101676941,0.007792957092848531,304.70506405830383
122,-0.5596761703491211,-0.5070778727531433,0.7463916540145874,0.7800666689872742,0.007774448946238706,304.61563324928284
123,-0.5192658305168152,-0.5725389122962952,0.8045445680618286,0.7825144529342651,0.007755935902640081,304.7906379699707
124,-0.5813542604446411,-0.4986554682254791,0.7719557285308838,0.7814585566520691,0.007737417947762429,304.6227135658264
125,-0.5578673481941223,-0.5578312873840332,0.7609015703201294,0.7794028520584106,0.007718895067235705,304.80402517318726
126,-0.5509893894195557,-0.602235734462738,0.8149109482765198,0.782953679561615,0.007700367246609374,304.5133168697357
127,-0.5816690921783447,-0.516157865524292,0.7807494401931763,0.7827332019805908,0.0076818344713517565,304.4481999874115
128,-0.57399582862854,-0.5174259543418884,0.7777786254882812,0.782237708568573,0.007663296726849344,305.7710404396057
129,-0.5822540521621704,-0.5158782601356506,0.7728098630905151,0.7812949419021606,0.007644753998406123,305.4892854690552
130,-0.5447095632553101,-0.5311948657035828,0.7694830298423767,0.780113697052002,0.007626206271242884,305.51203513145447
131,-0.5290595889091492,-0.5175687670707703,0.802172839641571,0.7823196053504944,0.0076076535304965215,304.6944398880005
132,-0.5833757519721985,-0.5569595098495483,0.7719041109085083,0.7812780141830444,0.007589095761219332,304.87463331222534
133,-0.5863641500473022,-0.5928835868835449,0.8393137454986572,0.7870815992355347,0.007570532948378305,305.1533269882202
134,-0.5613288283348083,-0.5798099040985107,0.8117828965187073,0.7895517349243164,0.0075519650768543925,305.62981057167053
135,-0.5703821778297424,-0.5277672410011292,0.747664749622345,0.7853630185127258,0.007533392131441786,304.61800956726074
136,-0.5610118508338928,-0.5759600400924683,0.819336473941803,0.7887603044509888,0.0075148140968471855,304.64696764945984
137,-0.5635423064231873,-0.5564635992050171,0.790187656879425,0.788902997970581,0.00749623095768904,305.38931012153625
138,-0.5728977918624878,-0.5439178943634033,0.8157927393913269,0.7915919423103333,0.007477642698496805,305.70743203163147
139,-0.5595266819000244,-0.5436088442802429,0.752039909362793,0.7876367568969727,0.007459049303710179,305.2586781978607
140,-0.538329541683197,-0.5631464123725891,0.7938107848167419,0.7882541418075562,0.0074404507576783276,304.47815918922424
141,-0.5604277849197388,-0.5509088039398193,0.7752758860588074,0.7869563102722168,0.007421847044659109,305.7664964199066
142,-0.5741205811500549,-0.498028039932251,0.8002508282661438,0.7882857322692871,0.007403238148818282,305.5770308971405
143,-0.5648847818374634,-0.5270745754241943,0.8083945512771606,0.7902966141700745,0.00738462405422871,305.9609315395355
144,-0.5629759430885315,-0.4985618591308594,0.7909504771232605,0.7903620004653931,0.007366004744869555,304.35317730903625
145,-0.5739001035690308,-0.5451555848121643,0.811625063419342,0.7924882769584656,0.007347380204625457,305.3529632091522
146,-0.5386790633201599,-0.5467175841331482,0.7672123908996582,0.7899606823921204,0.007328750417285716,305.1588456630707
147,-0.5837893486022949,-0.613192081451416,0.7868890762329102,0.7896535396575928,0.007310115366543449,304.77221179008484
148,-0.5535197854042053,-0.5816883444786072,0.766926109790802,0.7873808145523071,0.0072914750359947544,304.8407998085022
149,-0.5508090853691101,-0.5393845438957214,0.7775591611862183,0.7863986492156982,0.007272829409137847,305.83416056632996
150,-0.5890966653823853,-0.512154221534729,0.7817190289497375,0.7859306931495667,0.007254178469372199,304.46554708480835
151,-0.5541804432868958,-0.564950168132782,0.815491795539856,0.7888867855072021,0.00723552219999767,304.69732117652893
152,-0.5659286975860596,-0.5136448740959167,0.7635462880134583,0.7863526940345764,0.007216860584213608,305.8661880493164
153,-0.5813699960708618,-0.5511660575866699,0.7880126237869263,0.7865186929702759,0.007198193605117973,304.5303957462311
154,-0.5759184956550598,-0.5076049566268921,0.7967382073402405,0.78754061460495,0.007179521245706413,305.6721541881561
155,-0.5959967970848083,-0.5674473643302917,0.7970226407051086,0.7884888052940369,0.007160843488871357,305.696165561676
156,-0.5808786749839783,-0.5267125964164734,0.7466557621955872,0.7843054533004761,0.007142160317401089,304.59797263145447
157,-0.5730913877487183,-0.5360692739486694,0.7802357077598572,0.7838984131813049,0.0071234717139788,304.8146960735321
158,-0.5946376919746399,-0.5526365637779236,0.8171106576919556,0.7872195839881897,0.007104777661181647,305.8862669467926
159,-0.5631876587867737,-0.5762369632720947,0.8070608377456665,0.7892036437988281,0.0070860781414797906,305.89951181411743
160,-0.6084995269775391,-0.5374504327774048,0.7810041308403015,0.7883837223052979,0.007067373137235416,304.30647921562195
161,-0.5780659317970276,-0.5504204034805298,0.8063847422599792,0.7901837825775146,0.0070486626307017545,305.8546941280365
162,-0.5829356908798218,-0.567240297794342,0.7841446995735168,0.7895798683166504,0.0070299466040220845,305.6295506954193
163,-0.5899506211280823,-0.5175665020942688,0.8122836351394653,0.791850209236145,0.007011225039228726,306.1535224914551
164,-0.5719482898712158,-0.5706580877304077,0.7903906106948853,0.7917041778564453,0.006992497918242011,304.71210622787476
165,-0.5788075923919678,-0.5282350778579712,0.8086865544319153,0.793402373790741,0.006973765222869263,304.666054725647
166,-0.574107825756073,-0.5536859035491943,0.8004451394081116,0.7941066026687622,0.006955026934803738,304.8709251880646
167,-0.5541319847106934,-0.5495706796646118,0.8162343502044678,0.7963193655014038,0.006936283035623581,304.55937814712524
168,-0.5492927432060242,-0.5983664989471436,0.8131889700889587,0.7980062961578369,0.006917533506790733,304.6570944786072
169,-0.5900540351867676,-0.5229400396347046,0.7728592157363892,0.7954915761947632,0.006898778329649869,304.7035427093506
170,-0.569185197353363,-0.58858722448349,0.7933050394058228,0.7952728867530823,0.006880017485427282,304.7075572013855
171,-0.5787144899368286,-0.6479350924491882,0.8163865804672241,0.7973842024803162,0.006861250955229781,304.44793796539307
172,-0.584409773349762,-0.5528882145881653,0.8299456238746643,0.800640344619751,0.0068424787200435586,304.4932460784912
173,-0.5798618197441101,-0.5407513380050659,0.8022541999816895,0.800801694393158,0.006823700760733055,304.3413436412811
174,-0.5855258703231812,-0.5379686951637268,0.7510142922401428,0.7958229184150696,0.0068049170580398,304.4609022140503
175,-0.5793384909629822,-0.553872287273407,0.8071274757385254,0.7969533205032349,0.006786127592581251,305.8306429386139
176,-0.5984102487564087,-0.6214259266853333,0.8207770586013794,0.7993356585502625,0.0067673323448495986,305.66168999671936
177,-0.6028693318367004,-0.5822086930274963,0.8018361926078796,0.7995857000350952,0.006748531295210577,305.53117752075195
178,-0.5807240605354309,-0.5721707344055176,0.8283388018608093,0.8024609684944153,0.006729724423902248,304.65361618995667
179,-0.6030491590499878,-0.5936359167098999,0.8135706186294556,0.8035719394683838,0.006710911711033769,305.8800506591797
180,-0.5688029527664185,-0.5189099311828613,0.7669147253036499,0.7999061942100525,0.006692093136584149,305.28724479675293
181,-0.5908656120300293,-0.5500347018241882,0.8325620293617249,0.8031717538833618,0.006673268680400988,304.6528103351593
182,-0.5822843909263611,-0.5919264554977417,0.7785876393318176,0.800713300704956,0.006654438322199203,304.8076717853546
183,-0.5747433304786682,-0.6241835951805115,0.7862429618835449,0.7992662787437439,0.006635602041559724,305.52675437927246
184,-0.5973605513572693,-0.5809617042541504,0.8240594267845154,0.8017455339431763,0.006616759817928201,305.73240089416504
185,-0.594664454460144,-0.5626012682914734,0.8300626277923584,0.8045772314071655,0.0065979116306136565,305.84722447395325
186,-0.5571644306182861,-0.5486891865730286,0.7892236113548279,0.8030418157577515,0.006579057458787158,304.8199472427368
187,-0.5902105569839478,-0.49885204434394836,0.7912678122520447,0.8018643856048584,0.0065601972814804425,304.7580819129944
188,-0.5947499871253967,-0.5461304187774658,0.8289050459861755,0.8045684099197388,0.006541331077584547,304.40943479537964
189,-0.5989069938659668,-0.5567271709442139,0.808753252029419,0.8049868941307068,0.006522458825848402,306.236154794693
190,-0.5424613356590271,-0.5972170829772949,0.8195802569389343,0.8064461946487427,0.0065035805048774195,305.1160087585449
191,-0.5761585235595703,-0.5584195852279663,0.8165923953056335,0.8074607849121094,0.006484696093132058,304.7810664176941
192,-0.5656646490097046,-0.5333486199378967,0.7824444770812988,0.8049591183662415,0.006465805568926364,305.293253660202
193,-0.5556811094284058,-0.5427904725074768,0.8168725371360779,0.8061504364013672,0.006446908910426501,305.5941414833069
194,-0.5706424713134766,-0.5734989643096924,0.8053220510482788,0.8060675859451294,0.006428006095649255,304.8451917171478
195,-0.5768227577209473,-0.5933366417884827,0.8527659773826599,0.8107374310493469,0.006409097102460522,304.8529133796692
196,-0.5898628830909729,-0.6145616769790649,0.8151726722717285,0.8111809492111206,0.006390181908573774,304.7782406806946
197,-0.6049833297729492,-0.5578107833862305,0.7332615852355957,0.8033890128135681,0.006371260491548504,304.69307565689087
198,-0.5787374973297119,-0.5470941066741943,0.7914465665817261,0.8021947741508484,0.006352332828788648,304.79016852378845
199,-0.576926589012146,-0.5311027765274048,0.8112746477127075,0.8031027317047119,0.0063333988975409925,304.7577440738678
200,-0.6001289486885071,-0.5373527407646179,0.7843248844146729,0.801224946975708,0.006314458674893553,304.5446012020111
201,-0.5880706906318665,-0.533456027507782,0.8172057271003723,0.802823007106781,0.006295512137773931,304.2569386959076
202,-0.5813377499580383,-0.5375701189041138,0.805472731590271,0.8030879497528076,0.006276559262947659,304.67089343070984
203,-0.5890399217605591,-0.5908165574073792,0.7904434204101562,0.8018234968185425,0.0062576000270165005,306.20324754714966
204,-0.5986996293067932,-0.5316762328147888,0.8003286123275757,0.8016740083694458,0.006238634406416755,304.6336398124695
205,-0.5961857438087463,-0.5766097903251648,0.8244290947914124,0.8039494752883911,0.006219662377417515,305.1025378704071
206,-0.5999053716659546,-0.5812607407569885,0.816161572933197,0.8051706552505493,0.006200683916118908,305.74829053878784
207,-0.5999535918235779,-0.5469688773155212,0.8022857904434204,0.8048821091651917,0.006181698998450326,305.56942343711853
208,-0.60538649559021,-0.5625168085098267,0.8139665722846985,0.8057905435562134,0.006162707600168605,305.5457065105438
209,-0.6272369027137756,-0.5892142057418823,0.8197802305221558,0.8071894645690918,0.006143709696856199,304.7444145679474
210,-0.5873150825500488,-0.5571757555007935,0.8016692996025085,0.8066374063491821,0.006124705263919325,305.0288836956024
211,-0.5768824219703674,-0.6087455153465271,0.8068514466285706,0.8066588044166565,0.00610569427658607,305.8501121997833
212,-0.5793114304542542,-0.5926267504692078,0.8060132265090942,0.8065942525863647,0.006086676709904492,305.3798487186432
213,-0.5966836214065552,-0.5940399765968323,0.8048596978187561,0.8064208030700684,0.006067652538740669,304.8553717136383
214,-0.601119875907898,-0.5735742449760437,0.834320604801178,0.8092107772827148,0.006048621737776744,306.1587498188019
215,-0.5720493197441101,-0.5640523433685303,0.8169025182723999,0.8099799156188965,0.0060295842815089205,306.04820585250854
216,-0.620971143245697,-0.5001569986343384,0.7739450931549072,0.8063763976097107,0.006010540144245451,304.44906783103943
217,-0.6096678376197815,-0.5197632312774658,0.7832105755805969,0.8040598034858704,0.005991489300104575,306.2303845882416
218,-0.5622013211250305,-0.566832423210144,0.8082645535469055,0.804480254650116,0.005972431723012443,305.943284034729
219,-0.5889011025428772,-0.5604232549667358,0.7928991317749023,0.8033221364021301,0.005953367386701004,305.71794295310974
220,-0.5759357810020447,-0.5423784852027893,0.7974873185157776,0.8027386665344238,0.00593429626470586,304.6484854221344
221,-0.5731381773948669,-0.5546201467514038,0.8020156025886536,0.8026663661003113,0.005915218330364093,306.2190787792206
222,-0.5749759674072266,-0.5644115209579468,0.7849814891815186,0.8008978366851807,0.00589613355681206,305.63056993484497
223,-0.6050103306770325,-0.5797166228294373,0.802204966545105,0.8010285496711731,0.005877041916983154,305.18437480926514
224,-0.5937201976776123,-0.603693425655365,0.8075921535491943,0.8016849160194397,0.005857943383605531,304.5151836872101
225,-0.586134135723114,-0.5987086892127991,0.8277469277381897,0.8042911291122437,0.0058388379291998025,305.96304392814636
226,-0.6158632636070251,-0.534251868724823,0.833817720413208,0.8072437644004822,0.005819725526076704,304.64709854125977
227,-0.6123323440551758,-0.5520931482315063,0.8241996765136719,0.8089393377304077,0.005800606146334708,305.11956691741943
228,-0.5904931426048279,-0.5862978100776672,0.7783654928207397,0.8058819770812988,0.0057814797618576195,306.035612821579
229,-0.587348997592926,-0.5548612475395203,0.7928840517997742,0.8045821785926819,0.005762346344312134,305.95760345458984
230,-0.625267505645752,-0.5624037384986877,0.794384777545929,0.8035624027252197,0.005743205865145341,307.0143949985504
231,-0.5947638154029846,-0.5451155304908752,0.75989830493927,0.7991960048675537,0.005724058295582214,306.23812103271484
232,-0.6052922010421753,-0.565818727016449,0.8144935965538025,0.8007256984710693,0.005704903606623043,305.4928104877472
233,-0.6274258494377136,-0.6004501581192017,0.8120432496070862,0.8018574714660645,0.005685741769040841,305.963924407959
234,-0.585055410861969,-0.563883364200592,0.7684099078178406,0.7985126972198486,0.005666572753378694,304.678742647171
235,-0.6071503758430481,-0.6271256804466248,0.8271657824516296,0.8013780117034912,0.005647396529947098,305.05854773521423
236,-0.6203523278236389,-0.5547997951507568,0.803388774394989,0.8015790581703186,0.0056282130688212195,305.79118847846985
237,-0.6058867573738098,-0.6236177682876587,0.8392607569694519,0.805347204208374,0.005609022339838142,304.29051089286804
238,-0.6098288893699646,-0.6114475131034851,0.8306564688682556,0.8078780770301819,0.005589824312594061,306.16258454322815
239,-0.6089624166488647,-0.5957430005073547,0.794546902179718,0.8065448999404907,0.005570618956441421,305.4933567047119
240,-0.5989770293235779,-0.6211870908737183,0.8261653780937195,0.808506965637207,0.0055514062404860365,305.1362588405609
241,-0.5875501036643982,-0.5585551261901855,0.766859233379364,0.8043421506881714,0.005532186133584137,304.3750989437103
242,-0.6210163831710815,-0.591898500919342,0.8263226747512817,0.8065401315689087,0.005512958604339385,304.2189464569092
243,-0.6034879088401794,-0.5535716414451599,0.8052975535392761,0.806415855884552,0.005493723621099843,304.0081307888031
244,-0.6028031706809998,-0.5883105993270874,0.8205761313438416,0.8078318238258362,0.005474481151954883,304.22036147117615
245,-0.5878755450248718,-0.5968953967094421,0.8342193961143494,0.8104705810546875,0.005455231164732058,304.2823534011841
246,-0.6136077046394348,-0.6037629246711731,0.8370482325553894,0.8131283521652222,0.00543597362699392,304.1643054485321
247,-0.6086258292198181,-0.55352383852005,0.7994899153709412,0.8117644786834717,0.0054167085060347776,304.11882758140564
248,-0.602235734462738,-0.5798060297966003,0.815209686756134,0.8121089935302734,0.00539743576887742,304.37773847579956
249,-0.575497031211853,-0.5990426540374756,0.8370270133018494,0.8146007657051086,0.0053781553822697635,304.57955598831177
250,-0.6111113429069519,-0.5752260684967041,0.8025248050689697,0.8133931159973145,0.005358867312681466,304.523015499115
251,-0.591554582118988,-0.5782564282417297,0.7919853329658508,0.8112522959709167,0.005339571526300471,304.8032863140106
252,-0.5656163096427917,-0.5976846814155579,0.8266783356666565,0.8127948641777039,0.005320267989029498,304.1840455532074
253,-0.5859619975090027,-0.5915086269378662,0.8016846179962158,0.8116838335990906,0.005300956666482484,305.2000615596771
254,-0.6116716265678406,-0.5400232672691345,0.8102654218673706,0.8115419745445251,0.00528163752398095,305.5057964324951
255,-0.6077654957771301,-0.6150076389312744,0.8028606176376343,0.8106738328933716,0.005262310526550319,304.62984704971313
256,-0.6045020818710327,-0.576941192150116,0.8068339228630066,0.8102898597717285,0.005242975638916168,304.67752623558044
257,-0.5968537330627441,-0.5510795712471008,0.7720533013343811,0.8064662218093872,0.0052236328255004195,304.941606760025
258,-0.5931381583213806,-0.5824547410011292,0.8323642015457153,0.8090559840202332,0.005204282050417463,305.57092666625977
259,-0.5945219993591309,-0.6329298615455627,0.8278230428695679,0.8109326958656311,0.00518492327747022,304.81678557395935
260,-0.5989797115325928,-0.5431162714958191,0.7773464322090149,0.8075740337371826,0.00516555647014613,304.8152332305908
261,-0.6008968949317932,-0.5536519289016724,0.8264449238777161,0.8094611167907715,0.005146181591613082,305.0735938549042
262,-0.5863690376281738,-0.5441921353340149,0.7639850974082947,0.8049134612083435,0.0051267986047152615,304.7311518192291
263,-0.6067070364952087,-0.5663903951644897,0.7460781335830688,0.7990298867225647,0.00510740747196894,305.09064865112305
264,-0.5714560747146606,-0.5328318476676941,0.7892929911613464,0.7980561852455139,0.005088008155558181,304.91119170188904
265,-0.6213331818580627,-0.5594169497489929,0.8108541965484619,0.7993360161781311,0.0050686006173304736,304.44392943382263
266,-0.5957573056221008,-0.5590811371803284,0.7811884880065918,0.7975212335586548,0.005049184818792296,304.3910286426544
267,-0.6145239472389221,-0.5733946561813354,0.7935096621513367,0.7971200346946716,0.005029760721104597,304.9572341442108
268,-0.6185019612312317,-0.6406543254852295,0.820152223110199,0.7994232177734375,0.005010328285078191,304.90139961242676
269,-0.5918250679969788,-0.5713614225387573,0.8157347440719604,0.8010543584823608,0.004990887471169086,304.41876578330994
270,-0.6019723415374756,-0.6048819422721863,0.8463263511657715,0.8055815100669861,0.004971438239473716,304.75562834739685
271,-0.6133331060409546,-0.6016601324081421,0.83497154712677,0.808520495891571,0.004951980549724099,305.08873867988586
272,-0.5903299450874329,-0.5546379685401917,0.8182439208030701,0.809492826461792,0.004932514361282894,305.76012206077576
273,-0.6011803150177002,-0.5489948987960815,0.7624521255493164,0.8047887086868286,0.004913039633138389,304.8782093524933
274,-0.6079703569412231,-0.5813543796539307,0.831141471862793,0.8074239492416382,0.004893556323899376,305.5530159473419
275,-0.6226174831390381,-0.5552346110343933,0.8250681161880493,0.8091883659362793,0.004874064391789954,306.35993695259094
276,-0.615507960319519,-0.5655149221420288,0.7736784815788269,0.8056373596191406,0.0048545637946442195,305.21605372428894
277,-0.6067652702331543,-0.5776052474975586,0.8101299405097961,0.806086540222168,0.004835054489900874,306.4764542579651
278,-0.6135019659996033,-0.5619288682937622,0.7448445558547974,0.7999623417854309,0.004815536434597723,305.2124285697937
279,-0.6114634871482849,-0.6448426842689514,0.8365089297294617,0.803617000579834,0.004796009585366077,308.16842103004456
280,-0.6036368012428284,-0.5895753502845764,0.824156641960144,0.8056709170341492,0.004776473898425048,306.50563979148865
281,-0.6138212084770203,-0.5605049729347229,0.7940791845321655,0.8045117259025574,0.004756929329575742,306.4732942581177
282,-0.6269364356994629,-0.6301701664924622,0.8263707756996155,0.8066976070404053,0.004737375834195338,305.9464190006256
283,-0.6195338368415833,-0.5682322978973389,0.7852665185928345,0.8045545220375061,0.004717813367231057,306.3447005748749
284,-0.6094138026237488,-0.6058685779571533,0.7984662652015686,0.8039456605911255,0.004698241883194023,306.2815191745758
285,-0.6336663961410522,-0.5876882672309875,0.8162849545478821,0.8051795959472656,0.004678661336153,305.68846321105957
286,-0.6182679533958435,-0.5787302255630493,0.8386507034301758,0.8085266351699829,0.004659071679728012,305.35266160964966
287,-0.6205291152000427,-0.5987527966499329,0.7978197336196899,0.8074558973312378,0.004639472867083839,304.9430708885193
288,-0.6292908191680908,-0.6091259121894836,0.8263362646102905,0.8093438744544983,0.004619864850923395,304.30072021484375
289,-0.5979924201965332,-0.5649158358573914,0.8283179402351379,0.8112412691116333,0.004600247583480967,305.025349855423
290,-0.6323368549346924,-0.5445491075515747,0.81894451379776,0.8120115995407104,0.0045806210165153325,304.64585542678833
291,-0.6261247992515564,-0.5706514120101929,0.8135837912559509,0.8121687769889832,0.004560985101302735,305.4687089920044
292,-0.6253184676170349,-0.6190541386604309,0.8019571900367737,0.8111476302146912,0.004541339788629729,304.8883912563324
293,-0.6327558159828186,-0.6311329007148743,0.8343150615692139,0.813464343547821,0.004521685028785876,304.60352897644043
294,-0.6232402324676514,-0.5395889282226562,0.817520022392273,0.8138698935508728,0.004502020771556299,304.5842468738556
295,-0.6055458784103394,-0.6237540245056152,0.8385905027389526,0.8163419365882874,0.004482346966214095,304.82331347465515
296,-0.6089187264442444,-0.5815792679786682,0.80128014087677,0.8148357272148132,0.004462663561512584,307.8990705013275
297,-0.6486132740974426,-0.622407078742981,0.8152480721473694,0.814876914024353,0.004442970505677413,328.098477602005
298,-0.6290701627731323,-0.5777486562728882,0.8191753625869751,0.8153067231178284,0.004423267746398494,316.80725049972534
299,-0.6173631548881531,-0.6007130146026611,0.8218565583229065,0.8159617185592651,0.004403555230821779,307.55622577667236
300,-0.632719099521637,-0.5829214453697205,0.8459228277206421,0.8189578056335449,0.0043838329055408696,425.04446625709534
301,-0.61489337682724,-0.6178691387176514,0.8087269067764282,0.8179346919059753,0.004364100716588454,391.44807505607605
302,-0.6447761058807373,-0.5374191403388977,0.7840993404388428,0.8145511150360107,0.0043443586094275635,391.41013765335083
303,-0.5910996198654175,-0.5933928489685059,0.8104984164237976,0.8141458630561829,0.004324606528942658,391.71688508987427
304,-0.5839129090309143,-0.5469699501991272,0.7903491854667664,0.8117662072181702,0.004304844419430511,391.172883272171
305,-0.6224813461303711,-0.5629936456680298,0.7831150889396667,0.8089010715484619,0.004285072224590917,391.4076986312866
306,-0.629268229007721,-0.6301526427268982,0.7903720140457153,0.8070481419563293,0.004265289887517199,391.4574873447418
307,-0.6275110840797424,-0.5619134306907654,0.7812881469726562,0.8044721484184265,0.004245497350686509,391.43852186203003
308,-0.6122975945472717,-0.5787692070007324,0.8010027408599854,0.804125189781189,0.004225694555949938,391.13286089897156
309,-0.6380639672279358,-0.529757022857666,0.7963062524795532,0.8033432364463806,0.0042058814445223944,390.2470417022705
310,-0.6367690563201904,-0.5161957740783691,0.8096051216125488,0.8039693832397461,0.004186057956972281,391.39993238449097
311,-0.6194037199020386,-0.5844148397445679,0.8351229429244995,0.8070847392082214,0.004166224033210947,391.43910932540894
312,-0.6123258471488953,-0.535235583782196,0.8174773454666138,0.8081239461898804,0.004146379612481899,391.7319211959839
313,-0.6140781044960022,-0.6089182496070862,0.8426101207733154,0.8115725517272949,0.004126524633349795,391.36123418807983
314,-0.6195617914199829,-0.5981847047805786,0.7942066788673401,0.8098359704017639,0.004106659033689181,390.2075970172882
315,-0.593067467212677,-0.556239902973175,0.8183541893959045,0.810687780380249,0.004086782750672989,389.73389077186584
316,-0.5932301878929138,-0.5338744521141052,0.8081880807876587,0.810437798500061,0.004066895720760775,391.90795397758484
317,-0.5812382698059082,-0.5670177936553955,0.8104404807090759,0.8104380369186401,0.004046997879686698,391.62134552001953
318,-0.5944156646728516,-0.6141634583473206,0.8037712574005127,0.8097712993621826,0.004027089162447227,391.5439279079437
319,-0.6151885986328125,-0.5718914270401001,0.7701761722564697,0.8058117628097534,0.004007169503288575,391.5141363143921
320,-0.613234281539917,-0.5833041071891785,0.828041672706604,0.8080347180366516,0.003987238835693844,391.49299120903015
321,-0.6238630414009094,-0.5599884986877441,0.8042910695075989,0.8076603412628174,0.003967297092369874,391.55467200279236
322,-0.6194680333137512,-0.605384886264801,0.7789763808250427,0.8047919273376465,0.003947344205233804,390.5976951122284
323,-0.6260012984275818,-0.6194395422935486,0.8451588749885559,0.808828592300415,0.003927380105399308,390.6604976654053
324,-0.6386115550994873,-0.5913397669792175,0.8060259222984314,0.8085482716560364,0.00390740472316252,390.38128876686096
325,-0.6399972438812256,-0.5396133661270142,0.8017018437385559,0.8078635931015015,0.0038874179879876346,391.57303166389465
326,-0.6249777674674988,-0.5689129829406738,0.8274169564247131,0.8098188638687134,0.0038674198284921577,391.5078761577606
327,-0.6188428997993469,-0.5526501536369324,0.7476649284362793,0.80360347032547,0.0038474101724318213,391.7907552719116
328,-0.6282953023910522,-0.5321397185325623,0.7726891040802002,0.8005120158195496,0.0038273889466851375,391.41668343544006
329,-0.6227095127105713,-0.5462816953659058,0.7707449197769165,0.797535240650177,0.0038073560772375805,390.9850809574127
330,-0.6076712608337402,-0.5559098720550537,0.8099363446235657,0.7987753748893738,0.0037873114891653933,390.4510660171509
331,-0.6282469630241394,-0.5802619457244873,0.8169510364532471,0.8005928993225098,0.003767255106619003,390.7000527381897
332,-0.6253893971443176,-0.5825574398040771,0.7870733141899109,0.7992409467697144,0.003747186852806031,391.62090945243835
333,-0.6292441487312317,-0.650672435760498,0.8114174008369446,0.800458550453186,0.0037271066499738924,391.980672121048
334,-0.6471813917160034,-0.5927339792251587,0.8072233200073242,0.8011350035667419,0.0037070144193919654,390.6122887134552
335,-0.6125276684761047,-0.5933705568313599,0.8185134530067444,0.8028728365898132,0.0036869100813333197,390.6857430934906
336,-0.6239849925041199,-0.6056055426597595,0.8021681904792786,0.8028023838996887,0.003666793555055994,391.43935441970825
337,-0.6200674772262573,-0.5418811440467834,0.7541599869728088,0.7979381084442139,0.0036466647587838005,391.4235324859619
338,-0.6459839344024658,-0.5757823586463928,0.815358579158783,0.7996801733970642,0.0036265236096866523,391.7354850769043
339,-0.6490699648857117,-0.5892358422279358,0.8042633533477783,0.8001384735107422,0.0036063700238603866,391.4191405773163
340,-0.6218084692955017,-0.575386106967926,0.8122096061706543,0.8013455867767334,0.003586203916306077,391.7555375099182
341,-0.651205837726593,-0.615511953830719,0.8439902067184448,0.8056100606918335,0.003566025200908819,391.68843626976013
342,-0.6485568881034851,-0.5359004139900208,0.8053012490272522,0.8055791258811951,0.0035458337904159592,391.4587593078613
343,-0.6460923552513123,-0.5815450549125671,0.8312872052192688,0.8081499338150024,0.0035256295964147676,390.6425004005432
344,-0.6371492743492126,-0.5839072465896606,0.810015857219696,0.8083364963531494,0.003505412529309526,391.4917254447937
345,-0.6292436718940735,-0.6183274984359741,0.8206847310066223,0.8095712661743164,0.0034851824982980034,391.4368939399719
346,-0.6191778779029846,-0.579465925693512,0.8246412873268127,0.8110781908035278,0.003464939411347329,391.37278032302856
347,-0.6179354786872864,-0.5613890290260315,0.7350154519081116,0.8034718632698059,0.003444683175169201,391.6039488315582
348,-0.5976676344871521,-0.6014564037322998,0.8543761968612671,0.8085622787475586,0.0034244136951944466,390.91718101501465
349,-0.6447121500968933,-0.5954141616821289,0.830058217048645,0.8107118606567383,0.003404130875546888,390.63598465919495
350,-0.6494375467300415,-0.6533122062683105,0.8322741985321045,0.812868058681488,0.0033838346190164987,390.3603181838989
351,-0.6455196738243103,-0.5735864639282227,0.7837532162666321,0.8099565505981445,0.0033635248270318286,390.451171875
352,-0.6582193374633789,-0.5461359620094299,0.7946805357933044,0.808428943157196,0.003343201399631669,391.59776759147644
353,-0.644974946975708,-0.602484405040741,0.821406364440918,0.8097266554832458,0.0033228642354359325,391.4035768508911
354,-0.6465168595314026,-0.5398628115653992,0.796200156211853,0.8083739876747131,0.0033025132316157175,391.431832075119
355,-0.6339078545570374,-0.6082340478897095,0.8442714810371399,0.811963677406311,0.0032821482838625376,391.78588604927063
356,-0.6475832462310791,-0.6149382591247559,0.8447385430335999,0.8152411580085754,0.0032617692863566752,391.06296491622925
357,-0.6528306007385254,-0.6088979244232178,0.829889714717865,0.8167060017585754,0.003241376131734635,390.90932607650757
358,-0.632238507270813,-0.5682991147041321,0.8333492875099182,0.8183702826499939,0.0032209687110556686,390.4891276359558
359,-0.6199362874031067,-0.5946853160858154,0.7976016402244568,0.8162933588027954,0.0032005469137673225,390.85052704811096
360,-0.642495334148407,-0.5727182030677795,0.8326695561408997,0.8179309964179993,0.003180110627669995,390.86425042152405
361,-0.6337085366249084,-0.5853352546691895,0.809428334236145,0.8170806765556335,0.0031596597388804455,390.51800179481506
362,-0.6359689831733704,-0.6368280649185181,0.8434842824935913,0.8197210431098938,0.003139194131794234,391.72451663017273
363,-0.6481441855430603,-0.6335548162460327,0.8489627242088318,0.8226451873779297,0.00311871368904704,391.820791721344
364,-0.6260975003242493,-0.5983328819274902,0.8196355104446411,0.822344183921814,0.0030982182914748224,391.6269176006317
365,-0.6448144912719727,-0.5999240875244141,0.7802898287773132,0.8181387186050415,0.0030777078180727847,391.5718448162079
366,-0.6490212082862854,-0.6273701190948486,0.8051186800003052,0.8168367147445679,0.003057182145953083,391.7937345504761
367,-0.6174325942993164,-0.5946008563041687,0.7884855270385742,0.8140015602111816,0.0030366411503012503,391.39415073394775
368,-0.6467348337173462,-0.5961225032806396,0.8499113917350769,0.8175925612449646,0.0030160847043312674,391.4883539676666
369,-0.636076033115387,-0.5588010549545288,0.8338555097579956,0.8192188143730164,0.0029955126792392452,391.8683099746704
370,-0.6358453035354614,-0.5634609460830688,0.7974013090133667,0.817037045955658,0.0029749249441556524,391.60337471961975
371,-0.6256871819496155,-0.6011308431625366,0.7852439284324646,0.8138577342033386,0.0029543213660960365,391.8207573890686
372,-0.6392571330070496,-0.6039930582046509,0.8254318237304688,0.8150151371955872,0.0029337018099101797,390.86538529396057
373,-0.6268681883811951,-0.5530296564102173,0.8123095035552979,0.8147445321083069,0.0029130661382296224,390.8781840801239
374,-0.6378566026687622,-0.5723698139190674,0.8072726726531982,0.8139973282814026,0.002892414211413496,390.6659882068634
375,-0.6478525400161743,-0.5862129330635071,0.8126142024993896,0.8138589859008789,0.0028717458874925874,390.12896251678467
376,-0.6464829444885254,-0.5954177379608154,0.803528904914856,0.8128259778022766,0.0028510610221115736,391.6887867450714
377,-0.6428735256195068,-0.5780428647994995,0.7795865535736084,0.8095020055770874,0.0028303594684693386,390.0176064968109
378,-0.633155107498169,-0.5817497372627258,0.810914158821106,0.8096432089805603,0.0028096410772573076,391.4386978149414
379,-0.6418018341064453,-0.6219722628593445,0.810185432434082,0.8096974492073059,0.0027889056965957016,391.5002589225769
380,-0.6518558859825134,-0.5618792176246643,0.8411105871200562,0.8128387331962585,0.002768153171967635,391.4174053668976
381,-0.654810905456543,-0.6182318329811096,0.8392958045005798,0.8154844641685486,0.0027473833461509564,391.39077591896057
382,-0.6472041606903076,-0.586966872215271,0.8265493512153625,0.8165909647941589,0.0027265960591477444,391.47060894966125
383,-0.6566716432571411,-0.5855808854103088,0.798410177230835,0.8147728443145752,0.002705791148111353,391.7200756072998
384,-0.6472383141517639,-0.5855830311775208,0.8411762118339539,0.8174132108688354,0.0026849684472708903,391.1738829612732
385,-0.6379909515380859,-0.5304542183876038,0.805675745010376,0.8162394762039185,0.002664127787853039,390.44364166259766
386,-0.6440366506576538,-0.5599467754364014,0.7846117615699768,0.8130766749382019,0.00264326899800108,391.46699118614197
387,-0.6392175555229187,-0.5514885783195496,0.817288339138031,0.81349778175354,0.0026223919026910044,391.38700675964355
388,-0.6502941250801086,-0.6097337603569031,0.8280743956565857,0.8149554133415222,0.002601496323644581,391.4294400215149
389,-0.6505941152572632,-0.6032662391662598,0.8416340351104736,0.8176232576370239,0.0025805820792392385,391.4082429409027
390,-0.661967396736145,-0.5748026371002197,0.7908856272697449,0.8149494528770447,0.0025596489844146204,390.6391382217407
391,-0.6596556305885315,-0.5722426772117615,0.8179047703742981,0.8152449131011963,0.002538696850575648,390.60330033302307
392,-0.64543616771698,-0.6243292689323425,0.8481966257095337,0.818540096282959,0.002517725485491946,390.46477723121643
393,-0.6580432057380676,-0.6086604595184326,0.8210265040397644,0.8187887072563171,0.0024967346931934367,391.66596841812134
394,-0.6583089232444763,-0.6095863580703735,0.7800779342651367,0.8149176239967346,0.0024757242738619404,391.61524415016174
395,-0.6798533201217651,-0.605909526348114,0.8309452533721924,0.8165203928947449,0.0024546940237185756,392.0559425354004
396,-0.6460790634155273,-0.613396406173706,0.8344342708587646,0.8183117508888245,0.002433643734906761,390.1048011779785
397,-0.6600836515426636,-0.6341862678527832,0.8440846800804138,0.8208889961242676,0.0024125731953706037,417.88752031326294
398,-0.664373517036438,-0.6340876221656799,0.8363525867462158,0.8224353194236755,0.0023914821887284434,391.2753348350525
399,-0.6527314186096191,-0.6110580563545227,0.8369979858398438,0.8238915801048279,0.0023703704941413096,392.9495232105255
400,-0.636166512966156,-0.6242916584014893,0.8156153559684753,0.8230639696121216,0.0023492378861760376,391.11508798599243
401,-0.6526072025299072,-0.6198340058326721,0.8384976387023926,0.8246073126792908,0.0023280841346627673,391.34882378578186
402,-0.6470309495925903,-0.5711561441421509,0.8063668608665466,0.8227832317352295,0.002306909004546538,391.7390830516815
403,-0.654960572719574,-0.5638206005096436,0.8034517765045166,0.8208500146865845,0.0022857122557326717,391.6910994052887
404,-0.6542731523513794,-0.5915954113006592,0.8088110089302063,0.8196461200714111,0.002264493642925614,391.355845451355
405,-0.6546616554260254,-0.5498619079589844,0.8167792558670044,0.8193594217300415,0.002243252915460891,391.71209049224854
406,-0.6416998505592346,-0.5962854027748108,0.8230692148208618,0.8197304010391235,0.0022219898171298084,391.7801902294159
407,-0.646411120891571,-0.5804372429847717,0.8021194338798523,0.8179692625999451,0.0022007040859965015,391.68408727645874
408,-0.6577332615852356,-0.5598748922348022,0.816752552986145,0.8178475499153137,0.002179395454206905,391.07426834106445
409,-0.6641138792037964,-0.6486804485321045,0.836107611656189,0.8196735382080078,0.0021580636477892233,390.9882593154907
410,-0.6618737578392029,-0.5975948572158813,0.8247339129447937,0.8201795816421509,0.002136708386445385,390.60856556892395
411,-0.6678406000137329,-0.6066456437110901,0.8155893087387085,0.8197205662727356,0.0021153293833330034,390.01592683792114
412,-0.6686291694641113,-0.5884000062942505,0.8110247254371643,0.8188509941101074,0.002093926344837281,389.6585433483124
413,-0.6475375890731812,-0.5698412656784058,0.8146647810935974,0.8184323906898499,0.002072498970332279,389.5793561935425
414,-0.665594220161438,-0.5764897465705872,0.7925499081611633,0.8158441185951233,0.0020510469519309333,390.70045232772827
415,-0.6577009558677673,-0.5847111344337463,0.7835326194763184,0.8126129508018494,0.00202956997422314,390.855584859848
416,-0.6599479913711548,-0.6151495575904846,0.8233841061592102,0.8136900067329407,0.002008067714001198,391.1201012134552
417,-0.6549948453903198,-0.6392152905464172,0.8188151717185974,0.8142024874687195,0.001986539839971847,391.06647872924805
418,-0.6661105751991272,-0.6211929321289062,0.8374795913696289,0.8165302276611328,0.0019649860124540636,390.57659006118774
419,-0.6567169427871704,-0.6086246967315674,0.8327073454856873,0.8181478977203369,0.0019434058830617405,390.93127822875977
420,-0.6619271039962769,-0.6081922054290771,0.8322127461433411,0.819554328918457,0.0019217990943702903,390.70893836021423
421,-0.6517882347106934,-0.5563098192214966,0.8136124014854431,0.8189601302146912,0.0019001652795661514,390.6670014858246
422,-0.675492525100708,-0.5803683400154114,0.8040093779563904,0.81746506690979,0.001878504062078088,390.77534008026123
423,-0.6616846919059753,-0.5928175449371338,0.8252066373825073,0.8182392120361328,0.0018568150551890959,390.7669928073883
424,-0.6682282090187073,-0.5727545022964478,0.8363541960716248,0.8200507164001465,0.0018350978616276273,390.5339186191559
425,-0.6765775084495544,-0.5667514204978943,0.814954936504364,0.8195410966873169,0.0018133520731367456,390.4369134902954
426,-0.6720836162567139,-0.5991947054862976,0.8291019201278687,0.8204971551895142,0.0017915772700197077,390.6425313949585
427,-0.673846423625946,-0.6077361106872559,0.8050441741943359,0.8189518451690674,0.0017697730206603503,390.63958716392517
428,-0.6509175896644592,-0.6128140687942505,0.8456645011901855,0.8216230869293213,0.0017479388810165137,390.6418924331665
429,-0.6622194647789001,-0.5559071898460388,0.7882625460624695,0.8182870149612427,0.0017260743940845974,390.4335470199585
430,-0.6739059090614319,-0.6227202415466309,0.8329086303710938,0.8197491765022278,0.0017041790893331675,390.1201171875
431,-0.6783607602119446,-0.6136316061019897,0.8478512763977051,0.8225593566894531,0.0016822524821033594,390.36819434165955
432,-0.6968473196029663,-0.5852846503257751,0.8279943466186523,0.8231028318405151,0.0016602940729736244,390.140501499176
433,-0.6873406767845154,-0.6020704507827759,0.8455764055252075,0.8253501653671265,0.0016383033470861355,390.13029384613037
434,-0.685975193977356,-0.6376152038574219,0.8217832446098328,0.8249934911727905,0.001616279773431937,391.0255858898163
435,-0.6798524260520935,-0.651053786277771,0.8037614822387695,0.8228702545166016,0.0015942228040916463,391.54176115989685
436,-0.6820732355117798,-0.6117934584617615,0.8252320289611816,0.8231064081192017,0.0015721318734282117,391.08152770996094
437,-0.6781115531921387,-0.6066991686820984,0.841116726398468,0.8249074220657349,0.001550006397227912,389.8884506225586
438,-0.68043053150177,-0.6201480031013489,0.818757951259613,0.8242924809455872,0.001527845771785392,389.48019886016846
439,-0.6907151937484741,-0.5647702813148499,0.8024857044219971,0.8221117854118347,0.0015056493729281326,390.6546206474304
440,-0.6849634647369385,-0.624280571937561,0.8311695456504822,0.8230175375938416,0.0014834165549752873,390.5828754901886
441,-0.6833274364471436,-0.5946247577667236,0.828354001045227,0.8235511183738708,0.0014611466496252947,390.575722694397
442,-0.6736958026885986,-0.6445457935333252,0.8380994200706482,0.8250058889389038,0.0014388389647661082,390.41057562828064
443,-0.6794309020042419,-0.6245372891426086,0.81625896692276,0.8241311311721802,0.0014164927832012277,390.52621030807495
444,-0.6826552152633667,-0.6349263191223145,0.8100131154060364,0.8227193355560303,0.0013941073612839946,393.01268339157104
445,-0.6894038319587708,-0.6101934313774109,0.8016930222511292,0.8206167221069336,0.0013716819274517819,391.0011742115021
446,-0.6771140098571777,-0.6321336627006531,0.8022304177284241,0.8187780380249023,0.0013492156806507861,390.5824420452118
447,-0.6675431132316589,-0.6289129257202148,0.8525445461273193,0.8221546411514282,0.0013267077886410811,390.832888841629
448,-0.6935423612594604,-0.6282505989074707,0.8418896794319153,0.8241281509399414,0.0013041573861703878,389.1061589717865
449,-0.6705368757247925,-0.5900273323059082,0.8314141631126404,0.8248567581176758,0.0012815635730036785,391.1462314128876
450,-0.6867609024047852,-0.6306735873222351,0.8522434234619141,0.8275954127311707,0.001258925411794167,391.2955107688904
451,-0.6893775463104248,-0.6409966349601746,0.8275505900382996,0.8275909423828125,0.001236241925779498,390.7173774242401
452,-0.6678173542022705,-0.5972752571105957,0.8203378319740295,0.826865553855896,0.0012135120962849047,389.4254400730133
453,-0.6777489185333252,-0.5772843956947327,0.8282762169837952,0.8270065784454346,0.0011907348600128,388.5716800689697
454,-0.6865920424461365,-0.5923541784286499,0.8469063639640808,0.8289965391159058,0.0011679091060955954,388.99965047836304
455,-0.6744207739830017,-0.609477698802948,0.8110372424125671,0.8272005915641785,0.0011450336728854526,389.4076054096222
456,-0.6827977299690247,-0.6064966917037964,0.8239946365356445,0.8268799781799316,0.0011221073444511076,390.11801266670227
457,-0.6852325201034546,-0.5959904193878174,0.8462721109390259,0.8288191556930542,0.0010991288467477626,390.30945324897766
458,-0.6895328164100647,-0.6319371461868286,0.8533787131309509,0.8312751054763794,0.0010760968434212008,390.47948384284973
459,-0.7070014476776123,-0.6655223369598389,0.8536645770072937,0.8335139751434326,0.001053009931201637,390.6614556312561
460,-0.6818816065788269,-0.630551815032959,0.8357908725738525,0.8337416052818298,0.0010298666348361786,391.204030752182
461,-0.6890219449996948,-0.5855980515480042,0.8456873297691345,0.8349361419677734,0.0010066654015009615,391.48778009414673
462,-0.6882873177528381,-0.5972732901573181,0.8414556384086609,0.8355880379676819,0.000983404594624794,392.4140384197235
463,-0.673863410949707,-0.6203833222389221,0.814172089099884,0.8334464430809021,0.0009600824870451702,391.65403175354004
464,-0.668923020362854,-0.6018747687339783,0.8064697980880737,0.8307487964630127,0.0009366972534044408,390.85013914108276
465,-0.6822481155395508,-0.5949347019195557,0.8079185485839844,0.8284657001495361,0.0009132469616782772,390.7168462276459
466,-0.6948882937431335,-0.6443511843681335,0.8288121819496155,0.8285003304481506,0.0008897295637097126,391.94701886177063
467,-0.6902645230293274,-0.6137855052947998,0.8544145226478577,0.8310917615890503,0.0008661428845992607,391.6196086406708
468,-0.6982962489128113,-0.5928690433502197,0.8311253786087036,0.8310950994491577,0.0008424846107739114,392.0488224029541
469,-0.6916020512580872,-0.6603870391845703,0.8463613986968994,0.832621693611145,0.000818752276523933,391.6008634567261
470,-0.6888929605484009,-0.6114110350608826,0.8096190690994263,0.8303213715553284,0.0007949432487547622,391.91004180908203
471,-0.6688198447227478,-0.6054591536521912,0.8456940054893494,0.8318586349487305,0.0007710547096497543,391.75133538246155
472,-0.6844515204429626,-0.5963441729545593,0.8016565442085266,0.8288383483886719,0.0007470836368753417,391.9860854148865
473,-0.6859950423240662,-0.565058708190918,0.8062829971313477,0.8265827894210815,0.000723026780879678,392.4126617908478
474,-0.6928662061691284,-0.5292205810546875,0.7562543153762817,0.8195499181747437,0.0006988806387340599,392.7838385105133
475,-0.6973097920417786,-0.6540549993515015,0.8417261242866516,0.8217675089836121,0.0006746414238367822,392.4096586704254
476,-0.698959231376648,-0.6425907015800476,0.8407933712005615,0.8236700892448425,0.0006503050306324746,392.20485520362854
477,-0.6732059717178345,-0.610388994216919,0.8414254188537598,0.8254456520080566,0.0006258669932838723,391.32609367370605
478,-0.6796858906745911,-0.6037587523460388,0.8117136359214783,0.8240724802017212,0.000601322436949885,391.262255191803
479,-0.6797748804092407,-0.5588527917861938,0.8280320763587952,0.8244683742523193,0.0005766660199489585,392.6352279186249
480,-0.6896224021911621,-0.6597078442573547,0.8445472121238708,0.8264762163162231,0.0005518918645844864,392.43789982795715
481,-0.7067887187004089,-0.6603172421455383,0.8307936191558838,0.8269079327583313,0.0005269934737275584,391.6923635005951
482,-0.6908828020095825,-0.5550339818000793,0.8186298608779907,0.8260800838470459,0.0005019636293147572,392.6209876537323
483,-0.6956891417503357,-0.5921112895011902,0.8112773299217224,0.8245997428894043,0.00047679426760903276,392.8502070903778
484,-0.6990237832069397,-0.6467723846435547,0.8599610924720764,0.8281358480453491,0.00045147632421134877,392.7833604812622
485,-0.7211348414421082,-0.6206009387969971,0.8458538055419922,0.8299075961112976,0.0004259995391188707,392.21500635147095
486,-0.7028722167015076,-0.6186995506286621,0.8382794857025146,0.8307448029518127,0.00040035220814904583,390.76043915748596
487,-0.6909450888633728,-0.62613445520401,0.8444863557815552,0.8321189284324646,0.00037452086103778977,391.6854622364044
488,-0.7072985768318176,-0.6127356886863708,0.8050821423530579,0.8294152617454529,0.00034848983719286874,392.22327852249146
489,-0.7125509977340698,-0.5588454008102417,0.82260662317276,0.8287343978881836,0.00032224071517527003,392.37021684646606
490,-0.6935170888900757,-0.5973896980285645,0.8749060034751892,0.8333515524864197,0.000295751527325663,391.6948285102844
491,-0.6985960602760315,-0.6274799108505249,0.8526512384414673,0.835281491279602,0.00026899564852898085,391.23857498168945
492,-0.7096011638641357,-0.625302791595459,0.8632375001907349,0.8380770683288574,0.00024194017162657767,392.71234011650085
493,-0.7116020917892456,-0.6147924661636353,0.8108057379722595,0.8353499174118042,0.00021454343618097682,392.58412885665894
494,-0.7091609835624695,-0.5925691723823547,0.8194276690483093,0.8337576389312744,0.00018675107973345503,391.7804458141327
495,-0.7015842199325562,-0.6511409282684326,0.8301414847373962,0.8333959579467773,0.00015848931924611145,392.44982409477234
496,-0.6955657601356506,-0.6210818290710449,0.8556035757064819,0.8356167078018188,0.0001296525277354211,392.3580274581909
497,-0.7080302834510803,-0.6022600531578064,0.8568903803825378,0.8377439975738525,0.00010007742567915822,392.02816677093506
498,-0.7026113271713257,-0.6196568012237549,0.8268898129463196,0.8366585373878479,6.947906928878752e-05,391.1209909915924
499,-0.7102983593940735,-0.6121370792388916,0.8192808628082275,0.8349207639694214,3.723291133272141e-05,391.3114986419678
