case_id,n_ref,dice,size_group
r001s003,1279,0.8056018672890963,MEDIUM
r001s011,10749,0.8823399265454224,LARGE
r001s016,4148,0.4797332865414985,LARGE
r001s018,230,0.8680688336520076,SMALL
r001s020,62748,0.8461488084409678,LARGE
r001s021,1787,0.6364955033362344,MEDIUM
r001s025,2955,0.8881521549467807,MEDIUM
r001s026,2515,0.8137188971082717,MEDIUM
r001s030,5449,0.8350421277027713,LARGE
r001s031,30888,0.8188372729761796,LARGE
r002s009,38926,0.875553534241329,LARGE
r002s012,24575,0.8479199110122358,LARGE
r003s002,4396,0.48120041393583995,LARGE
r003s005,162015,0.9530902874069379,LARGE
r003s006,795,0.8747836122331217,MEDIUM
r003s007,2794,0.8507217248309885,MEDIUM
r003s011,9412,0.802191038897095,LARGE
r003s015,6023,0.7435975920824406,LARGE
r004s002,42202,0.8315459631632832,LARGE
r004s005,2993,0.7401342281879195,MEDIUM
r004s007,6660,0.6894137118849067,LARGE
r004s008,1620,0.7512639029322548,MEDIUM
r004s011,45472,0.8761124583734611,LARGE
r004s017,25773,0.845958294074772,LARGE
r004s022,48594,0.9428801936264622,LARGE
r004s027,78965,0.9028727586021216,LARGE
r004s032,75113,0.9347108230683858,LARGE
r004s033,283751,0.933005114427043,LARGE
r004s036,6378,0.6611100215728575,LARGE
r005s045,274,0.7798319327731092,SMALL
r005s056,2387,0.7681380010147133,MEDIUM
r005s069,5421,0.8134406720336017,LARGE
r005s073,398,0.8935611038107752,SMALL
r005s074,207275,0.9293291429730054,LARGE
r005s077,879,0.6447462473195139,MEDIUM
r005s082,654,0.5222414789139226,MEDIUM
r005s084,1056,0.7238666167103784,MEDIUM
r008s006,129,0.0,SMALL
r009s003,12617,0.662646373759612,LARGE
r009s005,799,0.8063354931605472,MEDIUM
r009s007,67499,0.6518890853388274,LARGE
r009s008,4321,0.31230225200074446,LARGE
r009s016,65,0.0,SMALL
r009s022,52390,0.7952987267384917,LARGE
r009s031,101,0.0,SMALL
r009s045,626,0.9119086460032626,MEDIUM
r009s046,1391,0.020032051282051284,MEDIUM
r009s049,25360,0.3974565645710192,LARGE
r009s052,14946,0.7853066824659328,LARGE
r009s057,74,0.4810126582278481,SMALL
r009s061,398,0.4735322425409047,SMALL
r009s066,1159,0.453382084095064,MEDIUM
r009s067,17073,0.6382339439969954,LARGE
r009s071,2517,0.2517785338694711,MEDIUM
r009s078,1509,0.3415672913117547,MEDIUM
r009s084,65,0.01813110181311018,SMALL
r009s085,24058,0.6991100084219152,LARGE
r009s086,1030,0.7242044358727098,MEDIUM
r009s092,1262,0.6585695006747638,MEDIUM
r009s094,2195,0.31782477341389725,MEDIUM
r009s105,6979,0.7842088091353997,LARGE
r009s106,117,0.0,SMALL
r009s119,1531,0.8048780487804879,MEDIUM
r009s122,58,0.0,SMALL
r010s003,5897,0.6757481018311746,LARGE
r010s005,6579,0.23189574096466478,LARGE
r010s007,3727,0.8266708307307933,LARGE
r010s023,121,0.743801652892562,SMALL
r010s028,10309,0.7042218491574955,LARGE
r010s029,117,0.7232704402515723,SMALL
r010s032,301,0.7796052631578947,SMALL
r011s001,1392,0.6950596252129472,MEDIUM
r011s016,688,0.7148936170212766,MEDIUM
r011s020,1956,0.8352735739231665,MEDIUM
r011s022,404,0.7391812865497076,SMALL
r011s024,2401,0.4517994858611825,MEDIUM
r011s030,3749,0.6686206896551724,LARGE
r011s033,66,0.8051948051948052,SMALL
r014s002,85,0.0,SMALL
r014s008,142,0.13934426229508196,SMALL
r015s007,245276,0.7761306270236396,LARGE
r015s014,5748,0.6806339557099436,LARGE
r015s018,5727,0.8713166728832525,LARGE
r015s019,1388,0.7685702018033491,MEDIUM
r017s103,17926,0.8543391118746421,LARGE
r017s117,394,0.8981132075471698,SMALL
r017s121,56725,0.7650098777450111,LARGE
r018s001,19758,0.9081978319783198,LARGE
r018s002,82999,0.8653936590220589,LARGE
r018s008,37026,0.8413851232703519,LARGE
r018s012,41404,0.8305897804044654,LARGE
r019s011,15105,0.7830110822919123,LARGE
r023s003,443779,0.8257781735057415,LARGE
r023s004,18404,0.5395174220796997,LARGE
r023s005,788100,0.8700345377538842,LARGE
r023s007,13872,0.7811188541947407,LARGE
r023s008,835278,0.9510708738976474,LARGE
r023s014,12774,0.8352699358194555,LARGE
r023s015,20048,0.16251051603993713,LARGE
r024s009,31672,0.8745255531931648,LARGE
r024s011,3882,0.7616744748375397,LARGE
r024s012,375,0.41389290882778584,SMALL
r024s016,50566,0.8048264891791201,LARGE
r024s017,9749,0.7376873661670236,LARGE
r024s018,15070,0.8572895980278025,LARGE
r024s020,864,0.6134529147982063,MEDIUM
r024s021,665,0.47370441458733203,MEDIUM
r027s009,23990,0.8971139800228987,LARGE
r027s017,5238,0.9016861697226574,LARGE
r027s028,8113,0.8319826430987174,LARGE
r027s054,153,0.6371308016877637,SMALL
r027s058,2012,0.87201442091032,MEDIUM
r028s007,3612,0.853964230390086,LARGE
r028s008,58544,0.8805696846388607,LARGE
r028s013,10065,0.7364188412932874,LARGE
r028s016,42052,0.7004349845854977,LARGE
r028s021,180160,0.9283067563830768,LARGE
r029s005,2833,0.0,MEDIUM
r029s006,111544,0.9162948353918099,LARGE
r029s007,36571,0.825428563027434,LARGE
r029s008,3101,0.8050650971999287,LARGE
r030s003,442,0.7942332896461337,SMALL
r030s014,98211,0.8947117164513552,LARGE
r030s017,83489,0.928697537014701,LARGE
r031s005,2016,0.49165320409262253,MEDIUM
r031s007,65806,0.5743669902395268,LARGE
r031s010,2208,0.5514807426730091,MEDIUM
r031s015,5168,0.6605669178327951,LARGE
r031s017,600,0.756578947368421,MEDIUM
r031s020,6734,0.8856189320388349,LARGE
r031s022,164929,0.934837414505474,LARGE
r031s034,105753,0.9300145496067923,LARGE
r031s035,47444,0.8366244741481433,LARGE
r032s005,35592,0.7653371881639179,LARGE
r032s007,2690,0.3522012578616352,MEDIUM
r032s019,30052,0.724130173965207,LARGE
r032s028,3716,0.1852079491907396,LARGE
r032s039,1355,0.2095381149079985,MEDIUM
r032s057,1313,0.0,MEDIUM
r034s006,3128,0.8241255312193527,LARGE
r034s008,1411,0.8001570475068708,MEDIUM
r034s015,5333,0.5150760719225449,LARGE
r034s032,244,0.7616926503340757,SMALL
r034s040,1612,0.7975300617484563,MEDIUM
r035s006,75587,0.8998019851614197,LARGE
r035s011,5705,0.8029928918817808,LARGE
r035s015,389017,0.7637446211047698,LARGE
r038s001,1508,0.5364478453483689,MEDIUM
r038s008,25843,0.7220354341035362,LARGE
r038s016,4241,0.7957707289927657,LARGE
r038s019,59714,0.7625792349726775,LARGE
r038s023,1415,0.6540068363083935,MEDIUM
r038s033,5739,0.798784418454738,LARGE
r038s036,11559,0.7399084034508467,LARGE
r038s037,2362,0.786641037962518,MEDIUM
r038s046,12795,0.7460209277151907,LARGE
r038s048,40397,0.7795291473359652,LARGE
r038s051,46905,0.5724929044465469,LARGE
r038s053,143656,0.8156037469523931,LARGE
r038s061,136610,0.646558038219711,LARGE
r038s066,17301,0.8668276972624799,LARGE
r038s075,6064,0.2994483845547675,LARGE
r038s077,80532,0.8092678100263853,LARGE
r038s097,1974,0.22759856630824374,MEDIUM
r039s001,555,0.8064211520302171,MEDIUM
r040s001,1083,0.7393939393939394,MEDIUM
r040s002,838,0.8315217391304348,MEDIUM
r040s009,5239,0.5731475617479417,LARGE
r040s011,9216,0.8595626902850817,LARGE
r040s015,112257,0.836231884057971,LARGE
r040s022,1349,0.8883303411131059,MEDIUM
r040s028,135543,0.8870511699706227,LARGE
r040s030,236766,0.9069061230172196,LARGE
r040s033,43848,0.8674007799954118,LARGE
r040s046,310,0.8083623693379791,SMALL
r040s058,238,0.41762452107279696,SMALL
r040s068,166648,0.8990198064045316,LARGE
r040s069,53868,0.8840855554508622,LARGE
r040s076,132079,0.9290753892063198,LARGE
r040s078,4700,0.8591985831303963,LARGE
r041s073,498,0.6982968369829684,SMALL
r042s003,1247,0.6097560975609756,MEDIUM
r042s006,46024,0.8016663824396424,LARGE
r042s008,118441,0.9210102455330061,LARGE
r042s010,11311,0.7439286530985594,LARGE
r042s014,352,0.5059288537549407,SMALL
r042s030,4315,0.6801269108739544,LARGE
r042s034,1377,0.37085330776605946,MEDIUM
r046s003,11280,0.8893782822293749,LARGE
r046s005,283799,0.8953741355642467,LARGE
r046s006,1903,0.779,MEDIUM
r046s007,2437,0.8989119683481701,MEDIUM
r047s006,712,0.8423326133909287,MEDIUM
r047s009,1031,0.1277330264672037,MEDIUM
r047s017,6014,0.6950704225352112,LARGE
r047s018,55118,0.861989616415952,LARGE
r047s025,7396,0.6917952314165497,LARGE
r047s028,3275,0.5443137254901961,LARGE
r047s040,709,0.8562351072279587,MEDIUM
r047s048,1314,0.5330090340514246,MEDIUM
r048s003,40622,0.9117519272068225,LARGE
r048s011,746,0.006147540983606557,MEDIUM
r048s014,764,0.9107142857142857,MEDIUM
r048s020,715,0.7197400487408611,MEDIUM
r048s021,34681,0.8091235223256245,LARGE
r048s028,92374,0.8935372820284936,LARGE
r048s029,348,0.7153846153846154,SMALL
r048s030,141,0.0,SMALL
r048s035,5392,0.6766961221061857,LARGE
r048s039,1265,0.7689835275210928,MEDIUM
r049s004,68,0.38688524590163936,SMALL
r049s007,515,0.6695005313496281,MEDIUM
r049s013,8653,0.8945885667331847,LARGE
r049s016,363,0.2997658079625293,SMALL
r049s018,51,0.0,SMALL
r049s023,9012,0.8945167019996563,LARGE
r049s025,109,0.0,SMALL
r049s026,220,0.4695121951219512,SMALL
r050s003,32,0.0,SMALL
r050s008,122,0.0,SMALL
r050s014,117,0.562874251497006,SMALL
r052s002,1335,0.8679383712399119,MEDIUM
r052s007,895,0.729036729036729,MEDIUM
r052s008,114497,0.9000347318081023,LARGE
r052s014,37726,0.9043809423059123,LARGE
r052s026,84629,0.8071363084471096,LARGE
r053s042,15,0.1935483870967742,SMALL
r053s053,2608,0.6568775642409846,MEDIUM
r056s003,870,0.7768762677484787,MEDIUM
r056s008,33759,0.8622008128857443,LARGE
r056s017,1361,0.4972170686456401,MEDIUM
r057s040,97811,0.9353026069333988,LARGE
r057s043,42298,0.9342229804737254,LARGE
r057s046,151197,0.936591473035807,LARGE
r057s048,679,0.11192091815363994,MEDIUM
r058s051,379,0.4404973357015986,SMALL
r058s054,54701,0.7438943172668807,LARGE
r058s059,11859,0.6858099113832579,LARGE
r059s014,6139,0.8069073783359497,LARGE
r059s015,127450,0.8955707747413106,LARGE
r059s017,1881,0.612274368231047,MEDIUM
r059s018,30572,0.5570246335364253,LARGE
r059s036,7543,0.42960716485807704,LARGE
r059s041,3799,0.4821621621621622,LARGE
r061s005,21461,0.8259595522889945,LARGE
r061s007,9171,0.9161851364494537,LARGE
r062s013,130,0.05753217259651779,SMALL
r064s003,20013,0.7603744505964952,LARGE
r067s020,9297,0.0,LARGE
r067s021,7118,0.0,LARGE
r067s034,8361,0.7815870981523017,LARGE
r069s002,16967,0.5492389696195862,LARGE
r069s006,973,0.07094594594594594,MEDIUM
r069s007,3114,0.5319006044325051,LARGE
r069s030,9833,0.6130045136390397,LARGE
r069s031,4387,0.6225413674679987,LARGE
r069s034,1229,0.5029644268774703,MEDIUM
r069s037,6458,0.46307884856070086,LARGE
r069s040,5108,0.6354526913186131,LARGE
r069s043,67749,0.8977279932368171,LARGE
r070s006,19513,0.6392994180175879,LARGE
r071s001,1386,0.6827033218785796,MEDIUM
r071s028,5082,0.8492572895653768,LARGE
r071s031,1375,0.8545517963027555,MEDIUM
r071s032,2164,0.6672504378283712,MEDIUM
soop0164,32435,0.5786736020806242,LARGE
soop0168,20999,0.8443768419051241,LARGE
soop0251,153284,0.9090114447177444,LARGE
soop0356,139050,0.7922884162542657,LARGE
soop0371,21381,0.9299156099101945,LARGE
soop0375,242078,0.9207928181950117,LARGE
soop0556,71350,0.9664485883217298,LARGE
soop0769,5020,0.7914670317134382,LARGE
soop0783,70759,0.8904031800113572,LARGE
soop0894,55103,0.9536821669932785,LARGE
soop0910,0,0.0,EMPTY
soop0968,86026,0.8509101711756932,LARGE
soop1012,1193,0.34739454094292804,MEDIUM
soop1129,292619,0.9018618426957328,LARGE
soop1133,70,0.3883495145631068,SMALL
soop1157,194659,0.8696204239379727,LARGE
soop1166,85742,0.9453117517479168,LARGE
soop1266,367260,0.07940774297255827,LARGE
soop1344,971,0.8989947343226424,MEDIUM
soop1412,93915,0.8282753560795775,LARGE
soop1429,81613,0.7125946574348236,LARGE
soop1458,73865,0.7670489720113388,LARGE
soop1488,1645353,0.5364115282813681,LARGE
soop1532,5078,0.9222557905337362,LARGE
soop1590,3246195,0.9521884191754789,LARGE
soop1737,98433,0.520858034533982,LARGE
r001s001,89056,0.7947821861742884,LARGE
r001s004,32931,0.7747905464549206,LARGE
r001s005,25816,0.82450079308172,LARGE
r001s007,3194,0.6972880527730271,LARGE
r001s008,1686,0.13804527885146328,MEDIUM
r001s009,6111,0.6168987929433611,LARGE
r001s010,79902,0.8511834652240564,LARGE
r001s015,4796,0.865101651128833,LARGE
r001s023,12,0.20168067226890757,SMALL
r001s027,966,0.6624376982328953,MEDIUM
r001s034,1947,0.7616951018161805,MEDIUM
r002s002,22301,0.9019953331111006,LARGE
r002s003,2830,0.8099581908019764,MEDIUM
r003s004,99446,0.9121813335626155,LARGE
r003s008,100640,0.9017274997757414,LARGE
r003s009,30391,0.9066328392444437,LARGE
r003s013,5249,0.8549077733860343,LARGE
r004s003,37139,0.47318498359081085,LARGE
r004s024,40006,0.8829137252452052,LARGE
r004s025,16058,0.3926672189412362,LARGE
r005s016,1064,0.8288364249578415,MEDIUM
r005s026,50,0.18041237113402062,SMALL
r005s049,12469,0.8310148232611174,LARGE
r005s076,808,0.6481570129248444,MEDIUM
r005s079,47381,0.9019053909862303,LARGE
r005s080,1287,0.9049401197604791,MEDIUM
r005s081,11133,0.8641248825139961,LARGE
r005s085,3584,0.7209182357492907,LARGE
r009s002,329,0.8690095846645367,SMALL
r009s004,75692,0.8503171437183739,LARGE
r009s017,1061,0.231980115990058,MEDIUM
r009s018,335,0.7338129496402878,SMALL
r009s029,6460,0.7471065342203591,LARGE
r009s035,28,0.0,SMALL
r009s043,1042,0.8099415204678363,MEDIUM
r009s044,32368,0.6495393545119885,LARGE
r009s064,5258,0.818174375767499,LARGE
r009s079,64,0.1948249619482496,SMALL
r009s088,12481,0.2787117682803322,LARGE
r009s102,2099,0.8359149383040168,MEDIUM
r009s110,1462,0.5694812570995835,MEDIUM
r009s113,1032,0.2657749345740041,MEDIUM
r009s125,1865,0.7065026362038664,MEDIUM
r010s001,1261,0.5353319057815846,MEDIUM
r010s008,839,0.7442827442827443,MEDIUM
r010s009,1255,0.5719139297848245,MEDIUM
r010s011,563,0.7595744680851064,MEDIUM
r010s027,625,0.7678729037952339,MEDIUM
r011s026,67,0.8444444444444444,SMALL
r011s029,4035,0.7912477823772915,LARGE
r011s031,451,0.7911318553092183,SMALL
r014s001,84,0.3653250773993808,SMALL
r015s001,76426,0.826795784819825,LARGE
r015s003,623432,0.928886176671052,LARGE
r015s005,109455,0.6376532442732316,LARGE
r015s026,15671,0.5098285386326136,LARGE
r017s105,963,0.7249378624689312,MEDIUM
r017s118,446,0.8076923076923077,SMALL
r017s119,15932,0.5500914532756901,LARGE
r018s007,55946,0.6850555314830441,LARGE
r019s008,1938,0.7391183809259773,MEDIUM
r019s009,11627,0.8227894659408562,LARGE
r023s001,10366,0.06366709064097821,LARGE
r024s001,1471,0.8147275405007364,MEDIUM
r024s005,38014,0.9183995447961928,LARGE
r024s006,835,0.6403574087862993,MEDIUM
r027s001,1716,0.7966231772831927,MEDIUM
r027s006,268,0.8629441624365483,SMALL
r027s012,601,0.8201240523776706,MEDIUM
r027s014,61385,0.9134349030470914,LARGE
r027s015,2687,0.8374272786037492,MEDIUM
r027s047,9924,0.8823312770463125,LARGE
r027s048,105192,0.855352192375545,LARGE
r027s053,203053,0.9302566308311493,LARGE
r027s057,107487,0.942274769709515,LARGE
r028s001,61007,0.8858276695707704,LARGE
r028s010,54117,0.8641784189306432,LARGE
r028s011,300,0.017699115044247787,SMALL
r029s003,47646,0.8952549217566885,LARGE
r031s004,2614,0.5010842368640533,MEDIUM
r031s016,1880,0.9112554112554112,MEDIUM
r031s023,539,0.8548387096774194,MEDIUM
r031s030,21970,0.7564356435643564,LARGE
r031s033,35611,0.8730985376761703,LARGE
r032s014,2737,0.7132616487455197,MEDIUM
r032s018,209,0.757396449704142,SMALL
r032s020,23959,0.8474313499800333,LARGE
r032s030,64864,0.8778672772621335,LARGE
r032s043,67282,0.9010722012544277,LARGE
r032s046,92891,0.9047754421159344,LARGE
r032s048,5700,0.7676532615809759,LARGE
r034s010,164,0.7596899224806202,SMALL
r034s011,5575,0.8196838438867554,LARGE
r034s012,1532,0.05786163522012579,MEDIUM
r034s039,46404,0.8449172962087791,LARGE
r034s046,783,0.4573110893032385,MEDIUM
r035s002,10796,0.8028035162746495,LARGE
r035s005,4277,0.7565637065637065,LARGE
r035s012,98437,0.7178650565733098,LARGE
r038s005,88451,0.8536138147566719,LARGE
r038s006,1234,0.7387033398821218,MEDIUM
r038s015,14812,0.9065427093527192,LARGE
r038s017,46165,0.7368152816300928,LARGE
r038s022,28091,0.845470835766203,LARGE
r038s028,34131,0.8306692312794323,LARGE
r038s029,21023,0.5851268690530131,LARGE
r038s031,2760,0.3931895573212259,MEDIUM
r038s039,16452,0.8339100346020761,LARGE
r038s040,27075,0.8303502247016892,LARGE
r038s044,1013,0.13639353848402894,MEDIUM
r038s049,93776,0.7885242390347224,LARGE
r038s063,43822,0.7464296608524444,LARGE
r038s070,9176,0.8846916171155416,LARGE
r038s073,1617,0.0385739333722969,MEDIUM
r038s078,181833,0.9026187111613029,LARGE
r038s083,1205,0.7099625977558653,MEDIUM
r038s091,4447,0.8129318854886476,LARGE
r038s092,52608,0.8455468324285051,LARGE
r038s093,589,0.08030460366908965,MEDIUM
r038s094,1169,0.5603367633302152,MEDIUM
r040s005,2965,0.6735546273906353,MEDIUM
r040s006,23006,0.5628534145280557,LARGE
r040s013,2906,0.8674698795180723,MEDIUM
r040s014,271,0.08778173190984578,SMALL
r040s017,749,0.5859106529209622,MEDIUM
r040s020,17132,0.8114301490889012,LARGE
r040s031,185045,0.9138492888840237,LARGE
r040s032,102970,0.7685490648995718,LARGE
r040s038,16943,0.8234851807757378,LARGE
r040s044,190818,0.9382457462847297,LARGE
r040s050,86213,0.651582168170727,LARGE
r040s051,121,0.5023255813953489,SMALL
r040s053,98757,0.846955303348746,LARGE
r040s061,289688,0.788692012628418,LARGE
r040s066,385,0.8123167155425219,SMALL
r040s073,4229,0.8351426972579743,LARGE
r040s077,21172,0.8535828519597078,LARGE
r040s081,122334,0.8914118859498454,LARGE
r042s002,5211,0.7428571428571429,LARGE
r042s005,506,0.6211096075778079,MEDIUM
r042s012,24646,0.6888960348282088,LARGE
r042s018,128616,0.9220459661797812,LARGE
r042s029,29186,0.8306900026122327,LARGE
r042s031,17997,0.7150575113279889,LARGE
r042s033,9102,0.7922019886046252,LARGE
r042s035,6644,0.4455463332255399,LARGE
r042s036,419,0.6923783287419651,SMALL
r044s003,34602,0.7585836745334376,LARGE
r045s002,9067,0.8466591166477916,LARGE
r046s009,133753,0.8933268051829836,LARGE
r047s002,83603,0.9236116521145076,LARGE
r047s010,17670,0.41198778400510117,LARGE
r047s027,13404,0.8680187447184451,LARGE
r047s032,194121,0.939211032343587,LARGE
r047s035,85705,0.847165666867911,LARGE
r047s037,34646,0.8419698581841859,LARGE
r047s039,5772,0.42829441025208664,LARGE
r047s042,7117,0.5181877022653721,LARGE
r047s043,1744,0.34535104364326374,MEDIUM
r047s044,21024,0.8450837654567211,LARGE
r048s002,247886,0.9225017642838952,LARGE
r048s004,48491,0.909392358544364,LARGE
r048s005,5574,0.9132082280765067,LARGE
r048s009,94041,0.831614491259676,LARGE
r048s013,5710,0.754055807916937,LARGE
r048s018,81789,0.9263831305151251,LARGE
r048s027,1495,0.7812824956672444,MEDIUM
r048s033,251,0.8101851851851852,SMALL
r048s041,7907,0.835857352222765,LARGE
r048s042,2244,0.7696642404320263,MEDIUM
r048s043,2475,0.40456563094483194,MEDIUM
r049s009,23,0.031180400890868598,SMALL
r049s011,830,0.1782608695652174,MEDIUM
r049s014,505,0.25212121212121213,MEDIUM
r049s034,115,0.7058823529411765,SMALL
r050s006,61,0.0,SMALL
r050s007,8708,0.8459872458187944,LARGE
r050s009,66,0.0,SMALL
r050s015,129,0.2564102564102564,SMALL
r052s013,364,0.7625418060200669,SMALL
r052s017,33309,0.32387650177149097,LARGE
r052s022,81600,0.8805707858849993,LARGE
r052s029,715,0.7073170731707317,MEDIUM
r052s031,21093,0.736709944357255,LARGE
r056s009,2120,0.8134966489484632,MEDIUM
r056s016,79092,0.8838740501731123,LARGE
r057s044,15651,0.7088815176474973,LARGE
r058s034,11653,0.5993422582466864,LARGE
r058s037,99497,0.8086411434784831,LARGE
r058s039,119536,0.8354141056438364,LARGE
r058s048,37,0.0,SMALL
r058s050,14585,0.7455305572363716,LARGE
r058s056,41898,0.6664262531554274,LARGE
r058s058,520,0.19144460028050492,MEDIUM
r058s060,31041,0.6973454049170559,LARGE
r058s061,17948,0.7923150292955443,LARGE
r058s062,24881,0.8162156656367773,LARGE
r059s001,8224,0.8211167279411765,LARGE
r059s007,200605,0.76570331361448,LARGE
r059s008,230542,0.9472907220222044,LARGE
r059s019,4162,0.7488179669030733,LARGE
r059s020,223,0.8068669527896996,SMALL
r059s023,711,0.739568345323741,MEDIUM
r059s024,44497,0.84899958191483,LARGE
r059s025,738,0.5874886672710788,MEDIUM
r059s032,1005,0.7922705314009661,MEDIUM
r059s033,26159,0.8955547089607603,LARGE
r059s034,1916,0.8048277892257875,MEDIUM
r059s037,3278,0.63197319140548,LARGE
r059s040,4805,0.6773449165196145,LARGE
r061s001,8232,0.893785705957794,LARGE
r061s002,1717,0.8941755537325676,MEDIUM
r061s004,2774,0.8338473400154202,MEDIUM
r061s006,138,0.05235602094240838,SMALL
r061s009,72942,0.8697869634340223,LARGE
r061s011,2640,0.5433496269616671,MEDIUM
r061s012,17955,0.8409422675100896,LARGE
r062s007,85352,0.8120202465457751,LARGE
r064s006,4319,0.18509212730318259,LARGE
r064s009,51855,0.7376133579498613,LARGE
r065s002,0,0.0,EMPTY
r065s006,338,0.0,SMALL
r067s019,3023,0.08830694275274056,LARGE
r067s026,33038,0.8790365073391042,LARGE
r067s027,2043,0.0,MEDIUM
r067s028,112932,0.8313460057552791,LARGE
r067s029,24077,0.4390597956563006,LARGE
r067s033,35805,0.8641429669485011,LARGE
r067s035,7941,0.006268020559107434,LARGE
r067s039,9697,0.15845687868643393,LARGE
r069s003,461,0.1260675071167141,SMALL
r069s008,1443,0.8619676945668135,MEDIUM
r069s009,15409,0.8784360902255639,LARGE
r069s021,27509,0.738119464857735,LARGE
r069s026,108412,0.8408581331540957,LARGE
r070s003,1122,0.8392638036809816,MEDIUM
r070s008,4750,0.8022898154477102,LARGE
r070s010,15743,0.617426181942311,LARGE
r071s010,4788,0.39502804304987116,LARGE
r071s014,7235,0.718510888758093,LARGE
r071s016,5015,0.7253350216313179,LARGE
r071s017,31453,0.8772281321057737,LARGE
r071s026,2336,0.8404613166746756,MEDIUM
soop0019,25708,0.059303857008466604,LARGE
soop0148,2245123,0.9108925647636953,LARGE
soop0192,12721,0.7385258358662614,LARGE
soop0267,37321,0.7302514579793945,LARGE
soop0283,1707,0.8942065491183879,MEDIUM
soop0290,65070,0.9236487106543085,LARGE
soop0294,23191,0.7865115640386842,LARGE
soop0296,110291,0.9009630892585595,LARGE
soop0477,814837,0.9225121211902685,LARGE
soop0579,2355346,0.9775068269962608,LARGE
soop0580,41651,0.4094258431168065,LARGE
soop0674,605682,0.19766144680548056,LARGE
soop0690,5842,0.0,LARGE
soop0705,352980,0.5452434789236389,LARGE
soop0791,969600,0.9261224196112393,LARGE
soop0796,3411094,0.9685052147190164,LARGE
soop0808,3403,0.06837606837606838,LARGE
soop0813,1576144,0.7599108812582616,LARGE
soop0829,618831,0.9480648565481189,LARGE
soop0850,186148,0.9124758706106828,LARGE
soop0885,936,0.0,MEDIUM
soop0966,11492,0.007034399931371708,LARGE
soop1006,247423,0.8235759920207031,LARGE
soop1024,190702,0.8116944373237631,LARGE
soop1025,1071054,0.9509991597876082,LARGE
soop1034,2733,0.3258426966292135,MEDIUM
soop1037,16652,0.869617989012393,LARGE
soop1043,75894,0.6066137625609783,LARGE
soop1046,2278390,0.8645778119987334,LARGE
soop1093,42259,0.4219385764450142,LARGE
soop1096,657803,0.8786592275964055,LARGE
soop1156,869118,0.9303144351478954,LARGE
soop1162,394756,0.9043553951319236,LARGE
soop1244,8597,0.3900937081659973,LARGE
soop1301,168144,0.9522350879911323,LARGE
soop1320,81024,0.8245016563026675,LARGE
soop1342,2151,0.08129132633216647,MEDIUM
soop1399,11777,0.8478502183082958,LARGE
soop1407,670,0.0,MEDIUM
soop1481,118220,0.9349597515057139,LARGE
soop1543,247674,0.8343348024537676,LARGE
soop1547,475518,0.7323574204390295,LARGE
soop1607,94366,0.005041010722649892,LARGE
soop1608,35814,0.37967608377983436,LARGE
soop1613,1391,0.7345657481688176,MEDIUM
soop1700,2463,0.7072272815345864,MEDIUM
soop1707,39320,0.7908673916404679,LARGE
soop1724,46708,0.8574243791253146,LARGE
r001s012,10109,0.7808707270905244,LARGE
r001s013,7328,0.4654247812588202,LARGE
r001s028,237,0.4987405541561713,SMALL
r001s032,5437,0.1855758511276906,LARGE
r001s033,24209,0.8991735537190083,LARGE
r001s037,19967,0.6612923332640764,LARGE
r001s040,1912,0.004519381192421346,MEDIUM
r002s008,48565,0.8884361455740604,LARGE
r003s001,17128,0.8163551401869159,LARGE
r003s003,152307,0.9484110768587017,LARGE
r003s010,311,0.49622166246851385,SMALL
r003s012,21623,0.7460177744967205,LARGE
r004s010,21014,0.8487451141740383,LARGE
r004s030,112570,0.9034080785970627,LARGE
r004s034,17404,0.9009751629761328,LARGE
r004s035,115346,0.9299372820519372,LARGE
r005s015,387630,0.8493311058786388,LARGE
r005s034,9855,0.6723222189436412,LARGE
r005s048,158,0.4105409153952843,SMALL
r005s055,479,0.7331628303495311,SMALL
r005s057,2981,0.8949175824175825,MEDIUM
r005s070,549,0.7629757785467128,MEDIUM
r005s072,1316,0.7995356037151703,MEDIUM
r008s004,1624,0.09835194045720362,MEDIUM
r008s008,3152,0.10263852242744063,LARGE
r009s010,1431,0.8357944477259303,MEDIUM
r009s012,246,0.42857142857142855,SMALL
r009s013,420,0.0,SMALL
r009s014,679,0.15475113122171946,MEDIUM
r009s024,6066,0.41929570670525806,LARGE
r009s025,764,0.0,MEDIUM
r009s027,176,0.016260162601626018,SMALL
r009s038,1039,0.3420748168145006,MEDIUM
r009s040,10611,0.7187609687609687,LARGE
r009s041,703,0.6648230088495575,MEDIUM
r009s051,2152,0.4246823956442831,MEDIUM
r009s054,540,0.8645418326693227,MEDIUM
r009s055,11469,0.6407336192870877,LARGE
r009s056,117,0.1711229946524064,SMALL
r009s058,654,0.549889135254989,MEDIUM
r009s060,895,0.0,MEDIUM
r009s062,180,0.579088471849866,SMALL
r009s063,8755,0.6447073872721458,LARGE
r009s072,7041,0.659908917291024,LARGE
r009s087,976,0.30423509075194466,MEDIUM
r009s099,319,0.7978142076502732,SMALL
r009s107,3095,0.7363157183403163,LARGE
r009s108,46702,0.9067266664639646,LARGE
r009s111,92,0.025522041763341066,SMALL
r009s114,2716,0.48061636296930416,MEDIUM
r009s118,946,0.6634615384615384,MEDIUM
r009s123,4173,0.41255971105674005,LARGE
r009s126,3018,0.12080914028844353,LARGE
r010s013,1172,0.8968325791855204,MEDIUM
r010s016,1012,0.4851190476190476,MEDIUM
r010s019,315,0.6913123844731978,SMALL
r010s021,404,0.7928388746803069,SMALL
r010s022,98,0.39359267734553777,SMALL
r011s002,2007,0.3250728862973761,MEDIUM
r011s003,163,0.47865853658536583,SMALL
r011s008,2750,0.6312741312741312,MEDIUM
r011s014,1107,0.8721590909090909,MEDIUM
r011s018,1488,0.7618724559023067,MEDIUM
r011s027,42,0.7961165048543689,SMALL
r014s013,46,0.0,SMALL
r015s002,317907,0.8534394914701664,LARGE
r015s006,5001,0.30797952811665114,LARGE
r015s011,331961,0.8647675918858123,LARGE
r015s013,1003,0.0,MEDIUM
r015s022,1840,0.854251012145749,MEDIUM
r017s101,1741,0.35393320758903807,MEDIUM
r017s108,1105,0.41085594989561586,MEDIUM
r018s005,1417,0.0,MEDIUM
r018s010,353,0.6979062811565304,SMALL
r019s002,326,0.646441073512252,SMALL
r019s003,600,0.7818991097922848,MEDIUM
r019s007,6057,0.6955791242255591,LARGE
r019s014,2595,0.6121007863906275,MEDIUM
r024s002,95127,0.9040294559975107,LARGE
r024s013,435,0.7982924226254002,SMALL
r024s014,3708,0.4448477515628151,LARGE
r027s023,15303,0.847931659937979,LARGE
r027s026,752,0.4679611650485437,MEDIUM
r027s029,64240,0.8346522097050513,LARGE
r027s032,969,0.09736131672907777,MEDIUM
r027s042,12406,0.876754315212131,LARGE
r027s046,153786,0.8810782492737058,LARGE
r027s050,7222,0.763922253767198,LARGE
r028s014,6137,0.28397364167599154,LARGE
r028s017,2540,0.3215502555366269,MEDIUM
r028s018,205,0.8346456692913385,SMALL
r028s019,1389,0.771795762417506,MEDIUM
r028s022,36410,0.8775752426881224,LARGE
r028s024,1162,0.7904146063141879,MEDIUM
r028s026,3078,0.4810479375696767,LARGE
r029s002,1847,0.8104575163398693,MEDIUM
r029s004,16260,0.817281842047,LARGE
r029s009,1892,0.3625531914893617,MEDIUM
r030s019,1962,0.6115567195940416,MEDIUM
r030s020,1148,0.5743488295417079,MEDIUM
r031s001,101573,0.802032680597538,LARGE
r031s002,26997,0.7707565624857832,LARGE
r031s009,67034,0.7226505827695818,LARGE
r031s014,1632,0.49776586237712245,MEDIUM
r031s024,38708,0.7488355539049565,LARGE
r031s032,527,0.6852003270645952,MEDIUM
r032s010,3685,0.704830421377184,LARGE
r032s013,933,0.8183190739808757,MEDIUM
r032s024,21485,0.8744875298940895,LARGE
r032s040,7326,0.8005328811917162,LARGE
r032s041,99106,0.9262881156764724,LARGE
r032s056,8851,0.22284176119976928,LARGE
r032s058,2089,0.5761589403973509,MEDIUM
r034s009,25968,0.859372453875541,LARGE
r034s013,84575,0.9334339657163768,LARGE
r034s025,3755,0.8500305064063454,LARGE
r034s026,42281,0.8150073925598103,LARGE
r034s033,535,0.8415213946117274,MEDIUM
r038s010,782,0.8682170542635659,MEDIUM
r038s018,1251,0.39442567567567566,MEDIUM
r038s021,423,0.6049107142857143,SMALL
r038s026,372,0.5361216730038023,SMALL
r038s030,13456,0.39208403458882246,LARGE
r038s032,11702,0.6806889352818372,LARGE
r038s034,26541,0.40171344165435746,LARGE
r038s043,62132,0.6422630384023585,LARGE
r038s054,4512,0.26135544340302813,LARGE
r038s055,483,0.11560693641618497,SMALL
r038s057,731,0.8154302670623146,MEDIUM
r038s058,454,0.19483101391650098,SMALL
r038s067,1381,0.1898332009531374,MEDIUM
r038s079,1010,0.5184757505773672,MEDIUM
r038s081,36362,0.7732187018502453,LARGE
r038s084,26672,0.7920211600990616,LARGE
r038s089,3096,0.6155643842019163,LARGE
r038s090,12636,0.776656667575675,LARGE
r038s098,798,0.46570972886762363,MEDIUM
r040s012,1434,0.8310789556464296,MEDIUM
r040s016,16348,0.8251115149512639,LARGE
r040s019,1282,0.5842016806722689,MEDIUM
r040s034,115367,0.8637728261767703,LARGE
r040s035,5761,0.8517867603983597,LARGE
r040s039,23032,0.7495259525194043,LARGE
r040s049,6312,0.0,LARGE
r040s055,4120,0.5414572864321608,LARGE
r040s060,21340,0.8515101535924131,LARGE
r040s065,1616,0.7186414511771517,MEDIUM
r040s075,42943,0.828430274685462,LARGE
r040s079,109661,0.8866798815554413,LARGE
r040s086,225007,0.9275779128167231,LARGE
r040s087,249445,0.9199628756440755,LARGE
r041s108,0,1.0,EMPTY
r042s004,219,0.2280130293159609,SMALL
r042s007,158797,0.8987857024955542,LARGE
r042s009,11662,0.7466656787196206,LARGE
r042s011,3261,0.7692717347889761,LARGE
r042s015,10392,0.8573405924148749,LARGE
r042s016,70245,0.6835866214786303,LARGE
r042s019,4833,0.8669585719097339,LARGE
r042s021,4911,0.6084445055700729,LARGE
r042s022,2480,0.777550556691661,MEDIUM
r042s025,152273,0.8650366642079229,LARGE
r042s032,102448,0.9172489955121126,LARGE
r045s001,19458,0.8395598272739936,LARGE
r046s001,7704,0.5202410848819689,LARGE
r046s012,7374,0.6059939510585648,LARGE
r047s001,39880,0.8568151742390825,LARGE
r047s003,2336,0.8468255841397215,MEDIUM
r047s007,10796,0.8754810064134189,LARGE
r047s014,17655,0.6576821500699084,LARGE
r047s015,282,0.6465028355387523,SMALL
r047s020,3834,0.6204215876812678,LARGE
r047s033,9205,0.5856770310932798,LARGE
r047s034,34991,0.7240377632534495,LARGE
r047s041,133381,0.9195057157263375,LARGE
r047s050,1712,0.36587677725118484,MEDIUM
r048s006,40026,0.8322536035317271,LARGE
r048s007,9026,0.8446318520921181,LARGE
r048s010,1007,0.8012367491166078,MEDIUM
r048s012,48312,0.8578028648199338,LARGE
r048s015,167446,0.9211856709528896,LARGE
r048s016,226674,0.9217673425101971,LARGE
r048s017,869,0.7778290993071594,MEDIUM
r048s023,1687,0.775367738718524,MEDIUM
r048s031,341,0.0,SMALL
r048s036,5014,0.7595220313666916,LARGE
r048s038,4273,0.5618179306534051,LARGE
r049s003,12,0.0,SMALL
r049s010,116,0.0,SMALL
r049s012,649,0.48464163822525597,MEDIUM
r049s020,69,0.023255813953488372,SMALL
r049s021,211,0.3169811320754717,SMALL
r049s028,157,0.732824427480916,SMALL
r049s033,163,0.6639344262295082,SMALL
r050s001,18,0.875,SMALL
r050s002,298,0.10448187268055951,SMALL
r050s010,62,0.08450704225352113,SMALL
r050s011,196,0.5009560229445507,SMALL
r050s012,32,0.0,SMALL
r050s016,187,0.0,SMALL
r052s001,2579,0.09747849739028155,MEDIUM
r052s003,8575,0.7126980712698071,LARGE
r052s005,1108,0.76931330472103,MEDIUM
r052s006,71267,0.8749425045667801,LARGE
r052s018,407,0.6624405705229794,SMALL
r052s024,19954,0.7774308529744964,LARGE
r052s025,8058,0.5647281323877068,LARGE
r052s027,1282,0.19240837696335078,MEDIUM
r052s032,12921,0.8254073582540736,LARGE
r052s034,1611,0.20103187764879307,MEDIUM
r053s039,130,0.0,SMALL
r056s002,329,0.7700534759358288,SMALL
r056s005,2657,0.82833607907743,MEDIUM
r056s010,34415,0.8794692326034814,LARGE
r057s028,71547,0.875293988951485,LARGE
r058s033,221,0.1436248168050806,SMALL
r058s035,1746,0.8241695303550973,MEDIUM
r058s040,25724,0.7923188639664354,LARGE
r058s043,343,0.09109449354180829,SMALL
r058s046,4307,0.42619506216074243,LARGE
r058s047,97544,0.866179526088479,LARGE
r058s064,1236,0.8505828329212293,MEDIUM
r058s065,11081,0.5445657985182922,LARGE
r059s009,945,0.8385882352941176,MEDIUM
r059s028,3381,0.5938998657203146,LARGE
r059s031,21318,0.5881082748515463,LARGE
r061s010,689,0.8462664714494875,MEDIUM
r061s013,35312,0.8390128662695439,LARGE
r062s009,56570,0.8739884576861318,LARGE
r062s010,839,0.8685082872928177,MEDIUM
r062s014,436,0.8466257668711656,SMALL
r064s007,1670,0.2934624697336562,MEDIUM
r064s008,133626,0.9386209777902664,LARGE
r064s012,1225,0.6221743810548978,MEDIUM
r065s011,6856,0.8551503518873961,LARGE
r065s012,67261,0.9004103050771765,LARGE
r065s013,7528,0.40472064042254685,LARGE
r065s020,590,0.49369085173501576,MEDIUM
r065s021,219355,0.8708333333333333,LARGE
r067s022,1296,0.24649859943977592,MEDIUM
r067s032,41015,0.5043968392701068,LARGE
r067s040,859,0.36553524804177545,MEDIUM
r069s001,12135,0.8590276667199744,LARGE
r069s005,4827,0.7392649199417758,LARGE
r069s013,39361,0.7904919845218352,LARGE
r069s016,27212,0.7074128966993671,LARGE
r069s017,2382,0.6056910569105691,MEDIUM
r069s019,48123,0.8266066330911876,LARGE
r069s020,90649,0.8761569210546164,LARGE
r069s025,42868,0.8020977769826005,LARGE
r069s032,2318,0.20159574468085106,MEDIUM
r069s036,6079,0.5606165171382562,LARGE
r069s041,43396,0.6538382839409337,LARGE
r070s005,420,0.7269565217391304,SMALL
r071s019,22123,0.8734400234914109,LARGE
r071s020,5079,0.7703428335398596,LARGE
r071s022,967,0.7949599083619702,MEDIUM
r071s033,131,0.6343612334801763,SMALL
soop0235,190785,0.3969158565202816,LARGE
soop0344,111101,0.7283329510908549,LARGE
soop0416,19177,0.8255741775294848,LARGE
soop0468,200757,0.9467396452818273,LARGE
soop0510,500281,0.9504002713307487,LARGE
soop0557,70799,0.5732105962577478,LARGE
soop0623,2767,0.7985711450684659,MEDIUM
soop0657,356867,0.6897875955250463,LARGE
soop0755,116133,0.8529777188768326,LARGE
soop0862,30342,0.8487232612834584,LARGE
soop1026,8563,0.532705389848247,LARGE
soop1056,351168,0.6826040287666821,LARGE
soop1090,609,0.10664605873261206,MEDIUM
soop1132,43140,0.045834540874333994,LARGE
soop1323,1125654,0.7731925812238823,LARGE
soop1343,156,0.12866520787746172,SMALL
soop1355,57327,0.715004115842251,LARGE
soop1360,48358,0.9168639627401514,LARGE
soop1361,3435,0.27204502814258913,LARGE
soop1393,210469,0.7269465429855599,LARGE
soop1435,3986,0.5813133539003966,LARGE
soop1456,3971,0.3612627365356623,LARGE
soop1531,5768,0.4567932277260917,LARGE
soop1556,23819,0.7091955811420569,LARGE
soop1653,10909,0.6310498012625673,LARGE
soop1669,10363,0.8758313838814733,LARGE
soop1684,498055,0.928358158632161,LARGE
soop1690,621463,0.9327273675760566,LARGE
soop1693,3423,0.9407158836689038,LARGE
soop1699,4039,0.48667479533182373,LARGE
soop1704,17449,0.930184918613664,LARGE
soop1722,249207,0.9598243782670061,LARGE
soop1727,778145,0.8194920486236774,LARGE
r001s014,12265,0.5912114149280883,LARGE
r001s019,53972,0.7464369441446805,LARGE
r001s022,37,0.013270142180094787,SMALL
r001s029,2152,0.4573756182717486,MEDIUM
r001s039,910,0.33019853709508884,MEDIUM
r002s010,120083,0.9333284809665915,LARGE
r002s011,26210,0.8404721502228355,LARGE
r003s014,15334,0.8670730940858525,LARGE
r004s001,35751,0.8818252147830453,LARGE
r004s009,59039,0.9275914168187733,LARGE
r004s019,51812,0.8210556143582222,LARGE
r004s020,91044,0.9168503558321549,LARGE
r004s026,89300,0.8804342266049049,LARGE
r004s028,51519,0.8400849754596733,LARGE
r004s037,17220,0.9094509780025593,LARGE
r005s044,415,0.7317518248175182,SMALL
r005s046,78179,0.9122052764548548,LARGE
r005s047,393,0.39094650205761317,SMALL
r005s058,12397,0.8940151515151515,LARGE
r005s071,468,0.8027522935779816,SMALL
r005s086,740,0.6848290598290598,MEDIUM
r009s001,5829,0.11178343949044586,LARGE
r009s006,3671,0.37101694915254235,LARGE
r009s011,3563,0.8048185422384874,LARGE
r009s020,809,0.7425595238095238,MEDIUM
r009s034,1963,0.5641341125807444,MEDIUM
r009s036,143,0.0,SMALL
r009s037,6843,0.4394981093159161,LARGE
r009s050,1450,0.3799822852081488,MEDIUM
r009s053,1107,0.6054644808743169,MEDIUM
r009s065,48,0.13426573426573427,SMALL
r009s076,53,0.3463687150837989,SMALL
r009s082,41,0.0,SMALL
r009s097,263,0.7862481315396114,SMALL
r009s098,5063,0.81139541018201,LARGE
r009s109,11577,0.8001615943980609,LARGE
r009s115,3016,0.6702140524851856,LARGE
r009s117,634,0.7326460481099656,MEDIUM
r009s120,624,0.754880694143167,MEDIUM
r009s121,709,0.7686084142394822,MEDIUM
r009s124,1081,0.20182461366598398,MEDIUM
r010s014,218,0.2993827160493827,SMALL
r010s024,703,0.7483588621444202,MEDIUM
r011s010,3528,0.8723698356627246,LARGE
r011s011,10,0.08571428571428572,SMALL
r011s013,43,0.1702127659574468,SMALL
r011s017,933,0.8726114649681529,MEDIUM
r011s021,116,0.8221343873517787,SMALL
r011s025,1634,0.8932729624838293,MEDIUM
r011s028,169,0.856396866840731,SMALL
r011s032,892,0.8427672955974843,MEDIUM
r014s004,178,0.0,SMALL
r014s007,82,0.0,SMALL
r014s012,178,0.6708074534161491,SMALL
r015s008,106470,0.8126858094201374,LARGE
r015s009,3565,0.7562949640287769,LARGE
r015s010,187693,0.8136371703785772,LARGE
r015s024,457382,0.8031512555930111,LARGE
r015s025,5904,0.8603817621071934,LARGE
r017s104,39614,0.781867834251151,LARGE
r017s106,58178,0.7812319812153085,LARGE
r017s107,4141,0.19178820801768529,LARGE
r017s111,1705,0.8953152111046848,MEDIUM
r017s113,129694,0.8654128619411033,LARGE
r017s116,39997,0.795404954434604,LARGE
r018s003,2028,0.7035905271199389,MEDIUM
r018s004,58980,0.8831281270031551,LARGE
r018s006,92594,0.9072584990378447,LARGE
r019s001,174,0.0,SMALL
r019s004,66914,0.7788683816893922,LARGE
r019s005,4002,0.5002718868950516,LARGE
r019s012,2521,0.8292906178489703,MEDIUM
r019s013,10926,0.8429768072434998,LARGE
r023s009,483482,0.9005282809236637,LARGE
r024s010,75947,0.891361992236836,LARGE
r024s019,80080,0.8629797909035715,LARGE
r027s002,8694,0.8047070360382447,LARGE
r027s013,687,0.8522292993630574,MEDIUM
r027s030,1659,0.7502047502047502,MEDIUM
r027s031,66932,0.871962583455318,LARGE
r027s035,19820,0.8174328658574932,LARGE
r027s037,64459,0.8043452882806926,LARGE
r027s052,588,0.7638279192273925,MEDIUM
r028s002,22299,0.7037932537952356,LARGE
r028s003,923,0.6683438155136269,MEDIUM
r028s004,2600,0.7970466414550693,MEDIUM
r028s005,3737,0.7716240070609003,LARGE
r028s006,36113,0.9090836141871289,LARGE
r028s012,2899,0.5211815410490908,MEDIUM
r028s015,2140,0.7017735334242837,MEDIUM
r028s023,42367,0.8473044460617647,LARGE
r029s010,687,0.49404117009750814,MEDIUM
r030s007,12190,0.8155988857938719,LARGE
r030s013,734,0.5131034482758621,MEDIUM
r030s021,60598,0.9206099590962702,LARGE
r030s023,17124,0.8378488104582239,LARGE
r031s003,36575,0.8206160164271047,LARGE
r031s011,39890,0.09850207459152817,LARGE
r031s018,9109,0.7902731912338637,LARGE
r031s021,2332,0.6594551282051282,MEDIUM
r031s025,31309,0.04859964484874918,LARGE
r031s026,1077,0.8505263157894737,MEDIUM
r031s028,22656,0.8186540901582438,LARGE
r031s037,6081,0.7010915197313182,LARGE
r032s023,512,0.928,MEDIUM
r032s025,38682,0.9382930239784556,LARGE
r032s027,64,0.0,SMALL
r032s032,30040,0.796952155499251,LARGE
r032s034,14241,0.7547194806915282,LARGE
r032s037,2053,0.05819397993311037,MEDIUM
r032s038,38768,0.8520656558631242,LARGE
r032s045,679,0.06884169488047605,MEDIUM
r032s050,2143,0.685610365992271,MEDIUM
r032s053,1867,0.8366419516861995,MEDIUM
r033s004,21213,0.8023459455056409,LARGE
r033s006,10717,0.7820646506777894,LARGE
r034s003,31564,0.7668033033938152,LARGE
r034s007,56456,0.9212057575359845,LARGE
r034s022,222,0.8037383177570093,SMALL
r034s036,73,0.5128205128205128,SMALL
r034s037,497,0.7370820668693009,SMALL
r034s048,1105,0.4804177545691906,MEDIUM
r035s003,820,0.48134453781512604,MEDIUM
r035s007,19494,0.6359897331230479,LARGE
r035s009,243,0.05273586343545191,SMALL
r035s013,2669,0.039178515007898894,MEDIUM
r035s014,148531,0.6638843431874695,LARGE
r038s009,18347,0.7607357925565171,LARGE
r038s013,109180,0.8001522567778392,LARGE
r038s014,98792,0.883657413294558,LARGE
r038s025,23048,0.8562972706346597,LARGE
r038s027,4703,0.4797150820687519,LARGE
r038s041,1965,0.6426163182737694,MEDIUM
r038s045,4795,0.7221162406206283,LARGE
r038s047,11177,0.753319637220023,LARGE
r038s050,580,0.7590282337491793,MEDIUM
r038s052,22851,0.4198217516585137,LARGE
r038s056,142383,0.9011777490707189,LARGE
r038s062,313,0.0,SMALL
r038s068,350,0.0,SMALL
r038s069,1799,0.822614418187257,MEDIUM
r038s076,3199,0.6604651162790698,LARGE
r038s086,1238,0.3381818181818182,MEDIUM
r039s002,2183,0.7715763680914783,MEDIUM
r039s003,670,0.28463476070528965,MEDIUM
r039s005,177997,0.8160822796513444,LARGE
r040s003,13439,0.024094745439695073,LARGE
r040s007,225736,0.8478676257265478,LARGE
r040s008,6195,0.6134874759152216,LARGE
r040s024,23469,0.7469861015127083,LARGE
r040s025,175834,0.9162726902169871,LARGE
r040s036,62198,0.6916996871741398,LARGE
r040s037,285297,0.9100438701205682,LARGE
r040s041,71215,0.8718402644503803,LARGE
r040s045,2063,0.8459051724137931,MEDIUM
r040s048,1636,0.6086956521739131,MEDIUM
r040s054,5136,0.7043245869776482,LARGE
r040s059,57097,0.7938446906370047,LARGE
r040s062,1423,0.830134009416878,MEDIUM
r040s064,8596,0.8501556824078879,LARGE
r040s067,153843,0.8805085255093563,LARGE
r040s070,7636,0.6522294155192851,LARGE
r040s071,48513,0.5863449222323879,LARGE
r040s082,2418,0.8140932642487047,MEDIUM
r040s083,853,0.8016359918200409,MEDIUM
r040s084,2264,0.5532167210198636,MEDIUM
r042s001,28,0.0,SMALL
r042s013,11294,0.9169586385766938,LARGE
r042s017,43998,0.8370744171191312,LARGE
r042s023,40626,0.8456289879372176,LARGE
r042s024,35703,0.9019536497984774,LARGE
r044s004,1887,0.16242362525458248,MEDIUM
r045s003,15013,0.8715824357912179,LARGE
r046s002,2812,0.86798128342246,MEDIUM
r046s008,1453,0.7032457496136012,MEDIUM
r046s011,6579,0.8235394311020269,LARGE
r046s013,47035,0.9259740795773486,LARGE
r047s004,1541,0.7946050096339113,MEDIUM
r047s005,169,0.34951456310679613,SMALL
r047s008,38216,0.8659127625201939,LARGE
r047s012,17064,0.815392863525347,LARGE
r047s016,4898,0.107976835419391,LARGE
r047s031,56830,0.8774552275042606,LARGE
r047s036,2841,0.7271540469973891,MEDIUM
r047s038,37699,0.8813725079285245,LARGE
r047s045,17453,0.7854717627636046,LARGE
r047s049,28520,0.878120755855871,LARGE
r048s001,43192,0.8793121774355461,LARGE
r048s008,21351,0.7284971256501506,LARGE
r048s019,32094,0.7820624672831966,LARGE
r048s022,2468,0.6970489353754202,MEDIUM
r048s024,111553,0.9249967004849223,LARGE
r048s026,13444,0.8679100307348422,LARGE
r048s034,9673,0.7254862642871466,LARGE
r048s044,9675,0.6298444955545639,LARGE
r049s005,286,0.0,SMALL
r049s008,350,0.5502555366269165,SMALL
r049s024,270,0.7389380530973452,SMALL
r050s005,1872,0.652080123266564,MEDIUM
r050s013,106,0.3588039867109635,SMALL
r052s004,410,0.7785234899328859,SMALL
r052s009,135720,0.9254872558153346,LARGE
r052s011,2499,0.5034760336626418,MEDIUM
r052s015,793,0.7931844888366627,MEDIUM
r052s016,3542,0.8960091546273781,LARGE
r052s023,691,0.7684647302904565,MEDIUM
r052s030,3978,0.8447534766118837,LARGE
r052s033,83738,0.8907238744259969,LARGE
r053s016,0,1.0,EMPTY
r056s001,923,0.6249008723235527,MEDIUM
r056s004,38569,0.9120313469705635,LARGE
r056s012,1512,0.4034401876465989,MEDIUM
r056s014,191007,0.9224257830609832,LARGE
r056s015,1322,0.7879968823070927,MEDIUM
r057s021,15373,0.8201720640693851,LARGE
r057s041,33065,0.9056332236842105,LARGE
r057s047,81,0.7777777777777778,SMALL
r057s049,1572,0.8964662120272784,MEDIUM
r058s032,1257,0.5991861648016277,MEDIUM
r058s036,370,0.21894736842105264,SMALL
r058s038,535,0.3333333333333333,MEDIUM
r058s041,34623,0.791484373935206,LARGE
r058s042,2514,0.8449014567266495,MEDIUM
r058s044,7313,0.6050930460333007,LARGE
r058s049,83084,0.8360458459417462,LARGE
r058s055,1520,0.8296296296296296,MEDIUM
r058s063,26011,0.7442441608636258,LARGE
r059s002,70868,0.8723646766657357,LARGE
r059s003,7894,0.8572751475865262,LARGE
r059s010,84114,0.9099715198867756,LARGE
r059s030,318742,0.9383615271577715,LARGE
r059s035,80,0.0,SMALL
r059s039,62545,0.7086273439631983,LARGE
r062s011,1573,0.8331447963800905,MEDIUM
r063s053,5556,0.7675748402287252,LARGE
r065s008,1776,0.13204672422549518,MEDIUM
r065s014,6542,0.740973491773309,LARGE
r065s016,839,0.0,MEDIUM
r065s017,147,0.0,SMALL
r065s019,4375,0.01655379984951091,LARGE
r065s023,20506,0.8468725453718633,LARGE
r067s017,15675,0.3809046142622652,LARGE
r067s018,10249,0.4526153252267902,LARGE
r067s024,252842,0.9264249103270539,LARGE
r067s030,18155,0.9226093319074689,LARGE
r067s031,39865,0.02043188957874688,LARGE
r067s036,31264,0.572783374171885,LARGE
r067s037,11250,0.4582043343653251,LARGE
r067s038,36588,0.4028469275236409,LARGE
r067s041,72941,0.6269408371564774,LARGE
r067s042,36148,0.5929990539262062,LARGE
r069s004,15219,0.8120210727969349,LARGE
r069s011,6894,0.7939774532798668,LARGE
r069s012,823,0.3145192681977423,MEDIUM
r069s022,68040,0.8740360650930948,LARGE
r069s023,2234,0.685068349106204,MEDIUM
r069s029,14694,0.5373304782298358,LARGE
r069s033,1657,0.7327327327327328,MEDIUM
r069s039,86657,0.7338670478913509,LARGE
r069s044,9086,0.6529786712429517,LARGE
r070s007,36035,0.8899425934263845,LARGE
r071s023,4973,0.5237688585254768,LARGE
r071s024,828,0.7360406091370558,MEDIUM
r071s025,1350,0.6735366859027205,MEDIUM
r071s029,2651,0.729864575908767,MEDIUM
r071s030,5358,0.8601593243113542,LARGE
r071s034,7000,0.8354296904421179,LARGE
soop0003,111905,0.04371223647033254,LARGE
soop0173,2648089,0.9615836928900108,LARGE
soop0175,247,0.7625570776255708,SMALL
soop0285,19582,0.5922762185054914,LARGE
soop0327,151388,0.9545360872715669,LARGE
soop0381,62074,0.9641646177827058,LARGE
soop0573,98882,0.8292258256995153,LARGE
soop0754,38093,0.7534495810037318,LARGE
soop0880,24849,0.8640129319054355,LARGE
soop0961,0,0.0,EMPTY
soop0975,21297,0.7953407417324944,LARGE
soop0991,594557,0.9508138161876821,LARGE
soop1027,361628,0.8790581614153498,LARGE
soop1086,826,0.0,MEDIUM
soop1145,280957,0.9305245028578285,LARGE
soop1190,17220,0.18896892581103109,LARGE
soop1317,41979,0.7544269395728056,LARGE
soop1403,593203,0.9574567976092512,LARGE
soop1452,26281,0.9054314364412119,LARGE
soop1545,2156515,0.9616455662458173,LARGE
soop1565,324654,0.6580197371498059,LARGE
soop1625,23552,0.7099216292584102,LARGE
soop1650,15792,0.6275215843528786,LARGE
r001s002,104591,0.9019320843091335,LARGE
r001s006,2601,0.13086074177746676,MEDIUM
r001s017,2069,0.6122556788166931,MEDIUM
r001s024,677,0.8346849656893325,MEDIUM
r001s036,5490,0.8602113876576883,LARGE
r001s038,158,0.48464163822525597,SMALL
r002s001,7328,0.4470021973422622,LARGE
r002s004,7668,0.9154442923267488,LARGE
r002s005,3050,0.9316728374284753,LARGE
r002s006,20375,0.13696915511846222,LARGE
r002s007,4702,0.8206200787401575,LARGE
r004s004,242093,0.946964074336499,LARGE
r004s006,3977,0.8611396303901437,LARGE
r004s012,10963,0.6731426401721301,LARGE
r004s013,56351,0.874597099113618,LARGE
r004s014,10467,0.8940865362695481,LARGE
r004s015,52077,0.8489158136620013,LARGE
r004s016,5719,0.8579972520811444,LARGE
r004s018,36574,0.8134171907756813,LARGE
r004s021,27932,0.8952266037770343,LARGE
r004s023,28575,0.759888661002051,LARGE
r004s029,40837,0.8278187950050132,LARGE
r004s031,6962,0.8184635459142064,LARGE
r005s025,60436,0.9082844013275466,LARGE
r005s030,96030,0.9084462638354012,LARGE
r005s031,69975,0.8690064058879651,LARGE
r005s054,1620,0.0,MEDIUM
r005s059,136370,0.8106538716463503,LARGE
r005s068,50051,0.89168190552219,LARGE
r005s075,24240,0.6959453929384034,LARGE
r005s078,868,0.782608695652174,MEDIUM
r008s001,5471,0.0,LARGE
r008s002,337,0.0,SMALL
r008s003,1321,0.0,MEDIUM
r008s007,431,0.4842105263157895,SMALL
r009s009,10544,0.6386554621848739,LARGE
r009s015,136,0.0,SMALL
r009s021,3639,0.6683618843683083,LARGE
r009s026,39,0.0,SMALL
r009s028,138,0.0,SMALL
r009s030,1096,0.0,MEDIUM
r009s032,5933,0.32097153303734655,LARGE
r009s039,17,0.0,SMALL
r009s048,326,0.0,SMALL
r009s073,398,0.03955555555555555,SMALL
r009s074,723,0.0,MEDIUM
r009s075,129,0.21674876847290642,SMALL
r009s077,9087,0.898494079779285,LARGE
r009s083,73974,0.8908913005941151,LARGE
r009s089,63582,0.895271922761444,LARGE
r009s090,1412,0.14772727272727273,MEDIUM
r009s091,1064,0.7955140186915888,MEDIUM
r009s093,1122,0.0,MEDIUM
r009s095,118,0.5547445255474452,SMALL
r009s096,4549,0.5457752690068796,LARGE
r009s100,154,0.0,SMALL
r009s103,47497,0.7721823792758725,LARGE
r010s002,4367,0.8660055936943809,LARGE
r010s004,402,0.8863636363636364,SMALL
r010s006,1424,0.5879470847623713,MEDIUM
r010s010,607,0.7002398081534772,MEDIUM
r010s012,579,0.43967828418230565,MEDIUM
r010s018,1739,0.5224766751484309,MEDIUM
r010s026,663,0.7856716417910448,MEDIUM
r011s012,4786,0.5610156833457804,LARGE
r011s015,2313,0.7789036113276175,MEDIUM
r011s019,719,0.8693693693693694,MEDIUM
r011s023,904,0.502454991816694,MEDIUM
r011s034,862,0.6570561456752656,MEDIUM
r014s010,478,0.3818770226537217,SMALL
r014s015,125,0.0,SMALL
r015s004,341558,0.7867909038012418,LARGE
r015s012,52738,0.7895482879344207,LARGE
r015s016,215508,0.8755784985274583,LARGE
r015s017,93057,0.8200716276158733,LARGE
r015s027,67285,0.3594467333725721,LARGE
r016s019,904,0.8866937826844857,MEDIUM
r017s109,18948,0.8693384505621571,LARGE
r017s110,84008,0.8636571939983071,LARGE
r018s011,74743,0.7946181818181818,LARGE
r019s006,354,0.37333333333333335,SMALL
r019s010,1055,0.44473546359350447,MEDIUM
r020s007,5320,0.38533941814033085,LARGE
r023s002,232165,0.5935264898987345,LARGE
r023s006,310312,0.897807032061497,LARGE
r023s010,59787,0.8756409609791362,LARGE
r023s011,5499,0.5600822516386068,LARGE
r023s016,699332,0.868364131942859,LARGE
r023s017,384797,0.8930722091956492,LARGE
r024s003,24855,0.7427890541539979,LARGE
r024s004,2239,0.6968150624670069,MEDIUM
r024s007,323,0.6008403361344538,SMALL
r024s008,3677,0.43238898935101466,LARGE
r024s015,59,0.0,SMALL
r027s019,130369,0.8479483707551047,LARGE
r027s033,1403,0.5076317085179715,MEDIUM
r027s041,2028,0.6845056065239552,MEDIUM
r027s051,92932,0.86994398290773,LARGE
r028s009,3392,0.5771476230191827,LARGE
r028s020,19365,0.862354323768485,LARGE
r028s025,38425,0.9007432270438743,LARGE
r029s001,4613,0.525916944528645,LARGE
r030s002,99411,0.8619911446390695,LARGE
r030s004,61097,0.6235729147575977,LARGE
r030s005,175413,0.9331536861516171,LARGE
r030s011,158329,0.8714199622029921,LARGE
r030s015,443,0.8117647058823529,SMALL
r030s022,16655,0.7271864020510873,LARGE
r031s006,27650,0.7754192073170731,LARGE
r031s008,1821,0.8131598330468942,MEDIUM
r031s012,6329,0.7021033958438926,LARGE
r031s013,165348,0.8935919133308005,LARGE
r031s019,8567,0.6971369691616986,LARGE
r031s027,1395,0.8537886872998933,MEDIUM
r031s029,5124,0.8498286635758919,LARGE
r031s031,2032,0.4119448698315467,MEDIUM
r031s036,5446,0.3076551557594784,LARGE
r032s008,621,0.5651720542231491,MEDIUM
r032s031,52919,0.9310068774789855,LARGE
r032s033,2076,0.3705991352686844,MEDIUM
r032s051,699,0.30085470085470084,MEDIUM
r032s052,796,0.3946046019571542,MEDIUM
r032s054,20850,0.8501776417223427,LARGE
r032s055,594,0.4605568445475638,MEDIUM
r034s014,16406,0.17621192621192622,LARGE
r034s021,5967,0.5589653660675142,LARGE
r034s047,873,0.6082603254067585,MEDIUM
r035s001,11723,0.8413934027439914,LARGE
r035s004,107037,0.7110250224515311,LARGE
r035s008,5511,0.8537787513691129,LARGE
r035s010,347376,0.8566335617606452,LARGE
r038s003,1012,0.5210229735587343,MEDIUM
r038s007,348,0.0,SMALL
r038s011,2282,0.7393589069889648,MEDIUM
r038s012,2156,0.17446951835634894,MEDIUM
r038s020,3260,0.5992751747346622,LARGE
r038s024,714,0.796923076923077,MEDIUM
r038s035,2537,0.02390057361376673,MEDIUM
r038s038,927,0.6528925619834711,MEDIUM
r038s042,129991,0.6437481268666743,LARGE
r038s059,16189,0.7367127051847566,LARGE
r038s060,57496,0.838989617232295,LARGE
r038s064,3410,0.6350476190476191,LARGE
r038s065,2222,0.0,MEDIUM
r038s071,78576,0.8442037205081669,LARGE
r038s072,29227,0.8208702615152232,LARGE
r038s074,419,0.07395993836671803,SMALL
r038s080,2361,0.06118143459915612,MEDIUM
r038s082,1646,0.0,MEDIUM
r038s085,19909,0.7354932742234234,LARGE
r038s095,856,0.8255892255892255,MEDIUM
r038s096,1396,0.5755528255528255,MEDIUM
r040s004,1663,0.5841194968553459,MEDIUM
r040s010,44018,0.8261990497091599,LARGE
r040s018,94379,0.8269035287283992,LARGE
r040s023,35993,0.8128947443628362,LARGE
r040s026,173582,0.9089150361898717,LARGE
r040s027,24780,0.6181711324232629,LARGE
r040s029,38928,0.8111708466855584,LARGE
r040s042,46945,0.7732774376605616,LARGE
r040s043,3115,0.6713497240341194,LARGE
r040s047,2864,0.6401036605118238,MEDIUM
r040s052,4378,0.8508138538734549,LARGE
r040s056,682,0.7895196506550218,MEDIUM
r040s057,1862,0.2220466218885816,MEDIUM
r040s063,1073,0.2631993695823483,MEDIUM
r040s072,34508,0.8961782805815722,LARGE
r040s074,782,0.7926829268292683,MEDIUM
r040s080,15853,0.4199355318621374,LARGE
r040s085,95,0.0,SMALL
r040s088,10695,0.7624857468643101,LARGE
r041s092,194,0.0,SMALL
r042s020,9770,0.6951115764675087,LARGE
r042s027,75180,0.934143158982375,LARGE
r042s028,160357,0.9197302351795871,LARGE
r044s001,2691,0.2652266288951841,MEDIUM
r044s002,118627,0.8433153503361949,LARGE
r045s004,301,0.7276190476190476,SMALL
r046s004,3050,0.4811092736293093,LARGE
r046s010,4667,0.14318095957687949,LARGE
r047s013,1793,0.5407246825642614,MEDIUM
r047s019,3426,0.8509192028425768,LARGE
r047s021,148640,0.9043895961354752,LARGE
r047s022,2725,0.0,MEDIUM
r047s023,20492,0.8389401155132232,LARGE
r047s026,144408,0.913480213751842,LARGE
r047s029,933,0.6633663366336634,MEDIUM
r047s030,71709,0.8348421825299731,LARGE
r047s046,622,0.8550855085508551,MEDIUM
r047s047,10032,0.8441959531416401,LARGE
r048s025,154094,0.8756247297881539,LARGE
r048s032,4956,0.4093939393939394,LARGE
r048s037,65957,0.9197499407867822,LARGE
r048s040,21244,0.8765368727237174,LARGE
r049s006,10006,0.8210688641511252,LARGE
r049s029,1756,0.0,MEDIUM
r052s010,190234,0.9195753393415863,LARGE
r052s019,25164,0.778948619419245,LARGE
r052s021,46396,0.8781680229420417,LARGE
r052s028,1138,0.752411575562701,MEDIUM
r053s021,1476,0.5751161590087764,MEDIUM
r056s006,1806,0.8927896300297057,MEDIUM
r056s007,6555,0.7889973129684628,LARGE
r057s039,31261,0.8813023453768867,LARGE
r057s042,4570,0.9045278678239046,LARGE
r057s045,107646,0.9330836577179709,LARGE
r057s050,1396,0.7629324024119327,MEDIUM
r058s045,2000,0.935244686109738,MEDIUM
r058s052,7142,0.8623028053394246,LARGE
r058s053,26768,0.45597853429481805,LARGE
r058s057,5379,0.7372460496613995,LARGE
r058s066,781,0.8576898532227186,MEDIUM
r059s004,1251,0.41543026706231456,MEDIUM
r059s005,3615,0.789435495573937,LARGE
r059s006,298,0.7551546391752577,SMALL
r059s012,2874,0.3162574908177073,MEDIUM
r059s016,101375,0.8327331753642928,LARGE
r059s021,635,0.6147110332749562,MEDIUM
r059s022,47327,0.795926697296675,LARGE
r059s026,32807,0.18546434110636445,LARGE
r059s029,12035,0.32442434210526316,LARGE
r059s038,5797,0.7561649442341144,LARGE
r061s003,34778,0.8358239780488884,LARGE
r061s008,12196,0.8788094672682657,LARGE
r061s014,717,0.4657534246575342,MEDIUM
r061s015,17264,0.4238543467588739,LARGE
r062s006,22422,0.5113455737869059,LARGE
r062s012,32593,0.7820906028457941,LARGE
r065s003,261,0.6216216216216216,SMALL
r065s005,483,0.21396661180343288,SMALL
r065s009,1313,0.0,MEDIUM
r065s015,6331,0.8548649528148389,LARGE
r065s018,641,0.0013226608287154227,MEDIUM
r067s023,2640,0.011713247831566461,MEDIUM
r067s025,4228,0.747329498767461,LARGE
r067s043,23659,0.5553584102200142,LARGE
r069s010,3785,0.587495508444125,LARGE
r069s014,8178,0.2753926701570681,LARGE
r069s015,11917,0.6733333333333333,LARGE
r069s024,18595,0.6679168087282645,LARGE
r069s027,1169,0.8116883116883117,MEDIUM
r069s035,2792,0.7697654213727194,MEDIUM
r070s004,1395,0.1960281870595772,MEDIUM
r070s009,3132,0.7262589301271999,LARGE
r071s002,889,0.35106382978723405,MEDIUM
r071s007,5601,0.34865248226950357,LARGE
r071s011,25874,0.8397217902489875,LARGE
r071s018,2369,0.7463226974428604,MEDIUM
r071s021,179,0.0,SMALL
r071s027,1409,0.5911035072711719,MEDIUM
r071s036,932,0.7910725356478612,MEDIUM
soop0011,28601,0.768025533149572,LARGE
soop0162,521158,0.8813392478112945,LARGE
soop0346,366986,0.8568614071675011,LARGE
soop0360,72408,0.8940574912320954,LARGE
soop0377,383736,0.8584978847925895,LARGE
soop0384,26022,0.8307482270848344,LARGE
soop0394,931,0.45625308947108256,MEDIUM
soop0430,313208,0.5317116893632855,LARGE
soop0494,130151,0.8940222124532402,LARGE
soop0507,34719,0.9456211443929203,LARGE
soop0554,555048,0.8831518597488747,LARGE
soop0599,326132,0.7302809097735553,LARGE
soop0687,5083,0.23562023562023562,LARGE
soop0708,4006,0.12221189591078067,LARGE
soop0795,571391,0.674250078815945,LARGE
soop0881,224096,0.41026627943594945,LARGE
soop0882,7742,0.4303848478742696,LARGE
soop0932,32608,0.26076283129517663,LARGE
soop0970,8854,0.04652644996813257,LARGE
soop0982,270081,0.8366123644517864,LARGE
soop0987,7710,0.5508781711736828,LARGE
soop1005,10377,0.7003504938777368,LARGE
soop1105,634556,0.8954943654472991,LARGE
soop1144,339250,0.7603882321981087,LARGE
soop1187,359475,0.9064590030916557,LARGE
soop1192,202164,0.7343015765619642,LARGE
soop1260,616849,0.35176395259463333,LARGE
soop1271,322244,0.8410272833579155,LARGE
soop1277,160394,0.4945472494109539,LARGE
soop1298,362949,0.8326507508906016,LARGE
soop1302,241687,0.79325891401425,LARGE
soop1311,1001,0.20436681222707423,MEDIUM
soop1336,43073,0.7542050289116319,LARGE
soop1382,94751,0.9231275895038776,LARGE
soop1536,50,0.0,SMALL
soop1636,88735,0.9396064263038064,LARGE
soop1701,624,0.3157894736842105,MEDIUM
soop1720,38618,0.9355425537145385,LARGE
soop1728,34902,0.7316551355268379,LARGE
